"主需求类别","兼具需求类别","软硬件属性","分类依据","分类置信度","项目ID","省份","省内城市区域","项目名称","项目类型","项目阶段","是否直接侦测反制相关","发包采购单位","项目金额","金额万元","承建中标单位","中标公告时间","年份","来源等级","字段完整度","来源链接","证据摘要","核验备注","设备名称清单","设备类型清单","设备数量清单","设备规格型号清单","设备品牌清单","设备明细完整度","设备明细来源","设备明细备注"
"日常巡防需求","无明显兼具类别","服务/租赁/咨询","未命中特定场景，按低空常态监测默认归入日常巡防","高","LA-2024-0001","安徽","池州","安徽铁塔池州市分公司 无人机反制 服务项目(第二次)( 中标公告","侦测反制服务/租赁","中标/成交结果","是","安徽铁塔池州市分公司","公开信息未披露","","公开信息未披露","2024年12月3日","2024","B-公开转载/行业平台","较完整","http://ah.bidizhaobiao.com/info-564361601.html","安徽铁塔池州市分公司 无人机反制 服务项目(第二次)( 中标公告 )-安徽招标网 2024年12月3日 - 二、项目 名称 :安徽铁塔池州市分公司 无人机 反制服务项目(第二次).对 安徽铁塔池州市分公司 无人机反制 服务项目(第二次) 进行国内公开比选 转定向谈判 。... ah.bidizhaobiao.com 反馈","继承原库并规则复核","无人机侦测反制/低空管控服务","服务/租赁","无人机侦测反制/低空管控服务：1项服务","公开信息未披露","公开信息未披露","仅项目级推断","按项目类型推断服务包；具体设备未披露","数量仅在公告/证据明确披露时填写；未披露的不按金额或经验倒推"
"日常巡防需求","无明显兼具类别","硬件设备/装备","未命中特定场景，按低空常态监测默认归入日常巡防","高","LA-2025-0002","安徽","未识别","无人机反制 设备采购项目( 中标公告","侦测反制装备","中标/成交结果","是","公开信息未披露","公开信息未披露","","安徽中云智能科技有限公司","2025年12月1日","2025","B-公开转载/行业平台","较完整","https://hunan.bidizhaobiao.com/info-750910893.html","无人机反制 设备采购项目( 中标公告 )-湖南招标网 2025年12月1日 - 项目编号 2025-JJDCBB-W4050 资质要求 - 招标/采购内容 成交 金额 2.33万元 中标 单位 . 供应商 名称:安徽中云智能科技有限公司... hunan.bidizhaobiao.com 反馈","继承原库并规则复核","无人机侦测反制设备/装备","侦测反制装备/设备","无人机侦测反制设备/装备：公开信息未披露","公开信息未披露","公开信息未披露","仅项目级推断","按项目名称/项目类型推断；具体设备未披露","数量仅在公告/证据明确披露时填写；未披露的不按金额或经验倒推"
"日常巡防需求","无明显兼具类别","硬件设备/装备","含公安巡防/常态监管关键词","高","LA-2026-0003","安徽","黄山","黄山市公安局黄山分局H2LPro手持式无人机探测定位设备采购项目","侦测反制装备","中标/成交结果","是","黄山市公安局黄山分局","6.0000 万元","6.0","公开信息未披露","2026-02-02","2026","B-公开转载/行业平台","较完整","https://www.bbda.com/bidList/k1295","公开招投标信息披露：华诺星空H2LPro手持式无人机探测定位设备，成交金额60000元。","补充检索新增；待回溯官方原文","H2LPro手持式无人机探测定位设备","侦测探测设备","H2LPro手持式无人机探测定位设备：公开信息未披露","H2LPro手持式无人机探测定位设备：H2LPro","H2LPro手持式无人机探测定位设备：华诺星空","部分明细","项目名称与证据摘要披露设备名称/型号","数量仅在公告/证据明确披露时填写；未披露的不按金额或经验倒推"
"重大活动保障需求","日常巡防需求","服务/租赁/咨询","含赛事/活动/安保保障/阵地租赁关键词；含公安巡防/常态监管关键词","高","LA-2026-0004","安徽","宣城","宣城市公安局低空安全管控装备租赁服务采购项目","侦测反制服务/租赁","中标/成交结果","是","宣城市公安局","167.5000 万元","167.5","安徽省通航无人机服务有限公司","2026-05-06","2026","A-官方公告/公共资源","完整","https://ggzyjy.xuancheng.gov.cn/xcspfront/zfcg/017001/017001004/20260506/31e1b449-bf7d-4768-b057-13340e9fabcc.html","宣城市公共资源交易中心成交结果公告披露：低空安全管控装备租赁服务，成交金额1675000元；需求文本含日常工作及重大活动补充保障服务。","漏检补充；重大活动保障高概率打包项目","低空安全管控装备租赁服务","服务/租赁","低空安全管控装备租赁服务：1项服务","公开信息未披露","公开信息未披露","部分明细","成交公告项目名称及需求摘要；具体设备数量未披露","数量仅在公告/证据明确披露时填写；未披露的不按金额或经验倒推"
"日常巡防需求","无明显兼具类别","软硬件综合/系统平台","未命中特定场景，按低空常态监测默认归入日常巡防","高","LA-2024-0005","北京","北京","无人机反制 系统 中标 成交结果公示-采招网 2024年2月1日","侦测反制系统/平台","中标/成交结果","是","公开信息未披露","105.0000 万元","105","理工全盛(北京)科技有限公司","2024年2月1日","2024","B-公开转载/行业平台","较完整","https://www.bidcenter.com.cn/newscontent-271172616-4.html","无人机反制 系统 中标 成交结果公示-采招网 2024年2月1日 - 五、预 中标 (成交) 供应商 . 名称 :理工全盛(北京)科技有限公司, 报价 金额 1,050,000.00元 ; 地址:北京市海淀区知春路76号(写字楼)1号楼4层1-7。. 供应商 对... www.bidcenter.com.cn 反馈","继承原库并规则复核","无人机侦测反制系统/平台","系统平台/管控软件","无人机侦测反制系统/平台：公开信息未披露","公开信息未披露","公开信息未披露","仅项目级推断","按项目类型推断；具体设备未披露","数量仅在公告/证据明确披露时填写；未披露的不按金额或经验倒推"
"敏感目标防护需求","无明显兼具类别","软硬件综合/系统平台","未命中特定场景，按低空常态监测默认归入日常巡防","高","LA-2025-0006","北京","石景山","无人机领域综合科研专项-无人机学院实验室建设采购项目","侦测反制系统/平台","中标/成交结果","是","公开信息未披露","公开信息未披露","","北京君锋泰业科技有限公司","2025-11-21","2025","B-公开转载/行业平台","较完整","https://www.bbda.com/bidList/k1295","公开招投标信息披露：项目含低空防御管控平台、无人机管制干扰枪等，中标单位北京君锋泰业科技有限公司。","补充检索新增；科研/实训平台类","低空防御管控平台；无人机管制干扰枪","系统平台/管控软件；便携/手持反制设备","低空防御管控平台：公开信息未披露；无人机管制干扰枪：公开信息未披露","公开信息未披露","公开信息未披露","部分明细","证据摘要披露设备内容","数量仅在公告/证据明确披露时填写；未披露的不按金额或经验倒推"
"日常巡防需求","无明显兼具类别","硬件设备/装备","未命中特定场景，按低空常态监测默认归入日常巡防","低","LA-2025-0007","福建","未识别","无人机反制 、定位设备采购项目采购结果公示-福建招标网 2025年4月3日","侦测反制装备","中标/成交结果","是","公开信息未披露","公开信息未披露","","公开信息未披露","2025年4月3日","2025","B-公开转载/行业平台","待复核","https://fj.bidcenter.com.cn/zbcontent-347248109-4.html","无人机反制 、定位设备采购项目采购结果公示-福建招标网 2025年4月3日 - 定位设备采购项目采购结果公示;项目简介:我部对 无人机反制 、定位设备采购项目采购项目进行了询价采购,现就 供应商 评审排名及预中标( 成交 )结果... fj.bidcenter.com.cn 反馈","继承原库并规则复核","无人机侦测反制设备/装备","侦测反制装备/设备","无人机侦测反制设备/装备：公开信息未披露","公开信息未披露","公开信息未披露","仅项目级推断","按项目名称/项目类型推断；具体设备未披露","数量仅在公告/证据明确披露时填写；未披露的不按金额或经验倒推"
"日常巡防需求","无明显兼具类别","硬件设备/装备","含公安巡防/常态监管关键词","高","LA-2023-0008","甘肃","兰州","兰州市公安局无人机反制设备购置中标公告","侦测反制装备","中标/成交结果","是","兰州市公安局","64.8000 万元","64.8","公开信息未披露","2023年09月14日","2023","A-官方公告/公共资源","较完整","http://www.ccgp.gov.cn/cggg/dfgg/zbgg/202309/t20230914_20704879.htm","兰州市公安局 无人机反制 设备购置 中标公告 2023年9月14日 - 王浩 项目联.... 公告 信息: 采购项目 名称 兰州市公安局 无人机反制 设备购置 品目 货物/通用设备/通信设备/天线/其... 王浩 总 中标金额 ￥64.800000 ... www.ccgp.gov.cn 反馈","继承原库并规则复核","无人机反制设备","侦测反制装备/设备","无人机反制设备：公开信息未披露","公开信息未披露","公开信息未披露","仅项目级推断","项目名称/证据摘要关键词抽取；公开信息未见数量","数量仅在公告/证据明确披露时填写；未披露的不按金额或经验倒推"
"日常巡防需求","无明显兼具类别","软硬件综合/系统平台","未命中特定场景，按低空常态监测默认归入日常巡防","高","LA-2025-0009","甘肃","兰州","甘肃煤田地质局综合普查队固定式无人机侦测反制系统中标公告","侦测反制系统/平台","中标/成交结果","是","甘肃煤田地质局综合普查队","100.5000 万元","100.5","兰州未徕同创测绘科技有限公司","2025-11-05","2025","B-公开转载/行业平台","完整","https://www.bbda.com/bidList/k1295","公开招投标信息披露：固定式无人机侦测反制系统，中标单位兰州未徕同创测绘科技有限公司，中标金额100.5万元。","补充检索新增；待回溯官方原文","无人机侦测反制系统/平台","系统平台/管控软件","无人机侦测反制系统/平台：公开信息未披露","公开信息未披露","公开信息未披露","仅项目级推断","按项目类型推断；具体设备未披露","数量仅在公告/证据明确披露时填写；未披露的不按金额或经验倒推"
"日常巡防需求","无明显兼具类别","软硬件综合/系统平台","未命中特定场景，按低空常态监测默认归入日常巡防","高","LA-2025-0010","甘肃","未识别","无人机反制 系统采购项目( 中标公告","侦测反制系统/平台","中标/成交结果","是","公开信息未披露","186.0544 万元","186.0544","公开信息未披露","2025年12月1日","2025","B-公开转载/行业平台","较完整","https://gs.bidizhaobiao.com/info-752059557.html","无人机反制 系统采购项目( 中标公告 )-甘肃招标网 2025年12月1日 - 五、预 中标 (成交) 供应商 . 名称 :北京晶空信息科技有限责任公司,报价 金额 1,860,543.94元;地址:北京市朝阳区潘家园街道北京汽车大厦1602。. 供应商 对预中标... gs.bidizhaobiao.com 反馈","依据项目名/采购人/证据摘要从[北京]校正为[甘肃]","无人机侦测反制系统/平台","系统平台/管控软件","无人机侦测反制系统/平台：公开信息未披露","公开信息未披露","公开信息未披露","仅项目级推断","按项目类型推断；具体设备未披露","数量仅在公告/证据明确披露时填写；未披露的不按金额或经验倒推"
"日常巡防需求","无明显兼具类别","硬件设备/装备","含公安巡防/常态监管关键词","高","LA-2024-0011","广东","深圳","福田公安分局 无人机反制 装备和防护装备采购项目 中标公告","侦测反制装备","中标/成交结果","是","深圳市公安局福田分局","公开信息未披露","","公开信息未披露","2024年8月30日","2024","A-官方公告/公共资源","较完整","http://www.ccgp.gov.cn/cggg/dfgg/zbgg/202408/t20240830_23040118.htm","福田公安分局 无人机反制 装备和防护装备采购项目 中标公告 2024年8月30日 - 公告 信息: 采购项目 名称 福田公安分局 无人机反制 装备和防护装备采购项目 品目 防护防暴装备.采购单位 深圳市公安局福田分局 行政区域 福田区 公... www.ccgp.gov.cn 反馈","继承原库并规则复核","无人机侦测反制设备/装备","侦测反制装备/设备","无人机侦测反制设备/装备：公开信息未披露","公开信息未披露","公开信息未披露","仅项目级推断","按项目名称/项目类型推断；具体设备未披露","数量仅在公告/证据明确披露时填写；未披露的不按金额或经验倒推"
"日常巡防需求","无明显兼具类别","硬件设备/装备","未命中特定场景，按低空常态监测默认归入日常巡防","低","LA-2024-0012","广东","未识别","某单位采购无人机反制设备项目","侦测反制装备","中标/成交结果","是","公开信息未披露","公开信息未披露","","公开信息未披露","2024-08-30","2024","B-公开转载/行业平台","待复核","https://www.zhiliaobiaoxun.com/detail/448113967b2E1A03245c.html","某单位采购 无人机反制设备 项目 中标 候选人公示_广东 中标 -知了标讯 2024年8月30日 - 中标 候选人 无人机反制设备 项目基本信息.四、凡对本次 公告 内容提出询问,请按以下方式联系。... www.zhiliaobiaoxun.com 反馈","继承原库并规则复核","无人机反制设备","侦测反制装备/设备","无人机反制设备：公开信息未披露","公开信息未披露","公开信息未披露","仅项目级推断","项目名称/证据摘要关键词抽取；公开信息未见数量","数量仅在公告/证据明确披露时填写；未披露的不按金额或经验倒推"
"重大活动保障需求","敏感目标防护需求；日常巡防需求","服务/租赁/咨询","含赛事/活动/安保保障/阵地租赁关键词；含公安巡防/常态监管关键词","高","LA-2024-0013","广东","珠海横琴","横琴粤澳深度合作区公安局重大活动安保无人机防控服务政府采购项目","侦测反制服务/租赁","中标/成交结果","是","横琴粤澳深度合作区公安局","157.2875 万元","157.2875","中国移动通信集团广东有限公司珠海分公司","2024-12-18","2024","A-官方公告/公共资源","完整","https://hengqin.gd.gov.cn/gkmlpt/content/4/4617/post_4617550.html","广东政府公开页面披露：重大活动安保无人机防控服务，中标供应商中国移动广东珠海分公司，中标金额1,572,875.00元。","补充检索新增；重大活动保障类","重大活动安保无人机防控服务","服务/租赁","重大活动安保无人机防控服务：1项服务","公开信息未披露","公开信息未披露","部分明细","政府采购结果公告披露服务项目；具体设备数量未披露","数量仅在公告/证据明确披露时填写；未披露的不按金额或经验倒推"
"敏感目标防护需求","无明显兼具类别","软硬件综合/系统平台","含敏感目标或重点设施关键词","高","LA-2025-0014","广东","广州","南方电网公司2025年第三批无人机设备及相关附件框架采购项目（固定式无人机主动防御系统、便携式无人机反制装置）","侦测反制装备","中标/成交结果","是","中国南方电网有限责任公司/南方电网供应链集团有限公司","公开信息未披露","","南方电网电力科技股份有限公司","2025-12-09","2025","A-官方公告/公共资源","较完整","https://www.bidding.csg.cn/zbhxrgs/1200396902.jhtml","南方电网供应链平台中标公示披露：标的含固定式无人机主动防御系统A、便携式无人机反制装置B，中标候选人为南方电网电力科技股份有限公司。","补充检索新增；能源敏感目标类","固定式无人机主动防御系统；便携式无人机反制装置","固定式反制/防御设备；便携/手持反制设备","固定式无人机主动防御系统：公开信息未披露；便携式无人机反制装置：公开信息未披露","公开信息未披露","公开信息未披露","部分明细","南方电网供应链平台标的名称披露","数量仅在公告/证据明确披露时填写；未披露的不按金额或经验倒推"
"敏感目标防护需求","日常巡防需求","软硬件综合/系统平台","含敏感目标或重点设施关键词；含公安巡防/常态监管关键词","高","LA-2025-0015","广东","惠州","惠州市公安局大亚湾经济技术开发区分局大亚湾石化区天海地一体化综合防控系统建设项目（第二次）","侦测反制系统/平台","中标/成交结果","是","惠州市公安局大亚湾经济技术开发区分局","公开信息未披露","","公开信息未披露","2025-12-15","2025","B-公开转载/行业平台","较完整","https://www.bbda.com/bidList/k1295","公开招投标信息披露：标的含低空防御雷达显控软件、无人机防御察打一体机等。","补充检索新增；石化区敏感目标类","低空防御雷达显控软件；无人机防御察打一体机","系统平台/管控软件；察打一体侦测反制设备","低空防御雷达显控软件：公开信息未披露；无人机防御察打一体机：公开信息未披露","公开信息未披露","公开信息未披露","部分明细","证据摘要披露标的内容","数量仅在公告/证据明确披露时填写；未披露的不按金额或经验倒推"
"敏感目标防护需求","无明显兼具类别","软硬件综合/系统平台","含敏感目标或重点设施关键词","高","LA-2025-0016","广东","江门台山","台山核电低空防御系统相关设备采购成交项目","侦测反制系统/平台","中标/成交结果","是","台山核电合营有限公司/中广核相关单位","公开信息未披露","","中广核数字科技有限公司","2025-12-12","2025","B-公开转载/行业平台","较完整","https://www.bbda.com/bidList/k1295","公开招投标信息披露：低空防御系统设备采购成交，中标单位中广核数字科技有限公司。","补充检索新增；核电敏感目标类","低空防御系统","系统平台/管控软件","低空防御系统：公开信息未披露","公开信息未披露","公开信息未披露","仅项目级推断","项目名称/证据摘要关键词抽取；公开信息未见数量","数量仅在公告/证据明确披露时填写；未披露的不按金额或经验倒推"
"敏感目标防护需求","无明显兼具类别","软硬件综合/系统平台","含敏感目标或重点设施关键词","高","LA-2025-0017","广东","深圳","东部电厂固定式 无人机反制 防御系统设备采购( 中标公告","侦测反制系统/平台","合同公告","是","公开信息未披露","公开信息未披露","","深圳能源集团股份有限公司","2025年12月1日","2025","B-公开转载/行业平台","较完整","https://gd.bidizhaobiao.com/info-723547342.html","东部电厂固定式 无人机反制 防御系统设备采购( 中标公告 )-广东招标网 2025年12月1日 - 您当天剩余次查看 公告 原文链接,是否消耗一次. 中 标 公 告 深圳能源集团股份有限公司的东部电厂固定式 无人机反制 防御系统设备采购合同寻源工作,于2025-... gd.bidizhaobiao.com 反馈","继承原库并规则复核","无人机侦测反制系统/平台","系统平台/管控软件","无人机侦测反制系统/平台：公开信息未披露","公开信息未披露","公开信息未披露","仅项目级推断","按项目类型推断；具体设备未披露","数量仅在公告/证据明确披露时填写；未披露的不按金额或经验倒推"
"重大活动保障需求","日常巡防需求","硬件设备/装备","含赛事/活动/安保保障/阵地租赁关键词；含公安巡防/常态监管关键词","高","LA-2025-0018","广东","深圳","龙华分局购置十五运无人机反制设备采购项目","侦测反制装备","中标/成交结果","是","深圳市公安局龙华分局","95.5000 万元","95.5","江门市亿豪警用装备科技有限公司","2025-08-21","2025","B-公开转载/行业平台","完整","https://www.szyd11.com/tender/win/detail?TenderId=16753","公开招标代理结果页披露：龙华分局购置十五运无人机反制设备采购项目，中标单位江门市亿豪警用装备科技有限公司。","人工核验补充","无人机反制设备","侦测反制装备/设备","无人机反制设备：公开信息未披露","公开信息未披露","公开信息未披露","仅项目级推断","项目名称/证据摘要关键词抽取；公开信息未见数量","数量仅在公告/证据明确披露时填写；未披露的不按金额或经验倒推"
"敏感目标防护需求","日常巡防需求","硬件设备/装备","含公安巡防/常态监管关键词","高","LA-2026-0019","广东","深圳","深圳市公安局罗湖分局2025年下半年分局无人机及侦测反制设备采购项目（重新招标）","侦测反制装备","中标/成交结果","是","深圳市公安局罗湖分局","331.9600 万元","331.96","中科星图股份有限公司","2026-01-19","2026","B-公开转载/行业平台","完整","https://www.aamshanghai.com/jiangsu-yancheng-low-drone-bidding.html","公开低空招投标资讯披露：罗湖分局无人机及侦测反制设备采购重新招标，中标人为中科星图股份有限公司，金额331.96万元。","人工核验补充；待回溯深圳政府采购原文","无人机侦测反制设备/装备","侦测反制装备/设备","无人机侦测反制设备/装备：公开信息未披露","公开信息未披露","公开信息未披露","仅项目级推断","按项目名称/项目类型推断；具体设备未披露","数量仅在公告/证据明确披露时填写；未披露的不按金额或经验倒推"
"日常巡防需求","无明显兼具类别","服务/租赁/咨询","未命中特定场景，按低空常态监测默认归入日常巡防","高","LA-2025-0020","广西","钦州","钦州市某单位采购 无人机反制设备 ( 中标公告","侦测反制服务/租赁","中标/成交结果","是","公开信息未披露","公开信息未披露","","广西正阳科技发展有限公司","2025年12月1日","2025","B-公开转载/行业平台","较完整","https://gx.bidizhaobiao.com/info-736635266.html","钦州市某单位采购 无人机反制设备 ( 中标公告 )-广西招标网 2025年12月1日 - 一、项目名称:钦州市某单位采购 无人机 反制设备.广西正阳科技发展有限公司商务条款响应售后服务中 中标 供应商提供24小时售后服务,自接到故障通知后一小... gx.bidizhaobiao.com 反馈","继承原库并规则复核","无人机反制设备","侦测反制装备/设备","无人机反制设备：公开信息未披露","公开信息未披露","公开信息未披露","仅项目级推断","项目名称/证据摘要关键词抽取；公开信息未见数量","数量仅在公告/证据明确披露时填写；未披露的不按金额或经验倒推"
"日常巡防需求","无明显兼具类别","硬件设备/装备","含公安巡防/常态监管关键词","高","LA-2024-0108","新疆","未识别","无人机反制 设备竞价 成交公告","侦测反制装备","中标/成交结果","是","公开信息未披露","公开信息未披露","","公开信息未披露","2024年9月11日","2024","B-公开转载/行业平台","待复核","https://rl.zhaobiao.cn/succeed_v_630b3f8e3205b4b7bf2a1f67c810efa3.html","无人机反制 设备竞价 成交公告 _招标日历_招标网 2024年9月11日 - 招标编号 62024081023009114 所属地区 新疆维吾尔自治区阿克苏地区发布日期 2024-09-11 截止日期 -- 采购业主 -- 招标公司 -- 联系人 -- 联系方式 -- ... rl.zhaobiao.cn 反馈","修正：原发包采购单位为“--”，规范为公开信息未披露","无人机侦测反制设备/装备","侦测反制装备/设备","无人机侦测反制设备/装备：公开信息未披露","公开信息未披露","公开信息未披露","仅项目级推断","按项目名称/项目类型推断；具体设备未披露","数量仅在公告/证据明确披露时填写；未披露的不按金额或经验倒推"
"日常巡防需求","无明显兼具类别","硬件设备/装备","未命中特定场景，按低空常态监测默认归入日常巡防","低","LA-2025-0022","贵州","贵阳","贵阳市 无人机反制 设备竞价 成交公告","侦测反制装备","中标/成交结果","是","公开信息未披露","公开信息未披露","","公开信息未披露","2025年8月12日","2025","B-公开转载/行业平台","待复核","https://gz.bidcenter.com.cn/zbcontent-373871343-4.html","贵阳市 无人机反制 设备竞价 成交公告 -贵州招标网 2025年8月12日 - 项目 名称 :无人机 反制 设备. 成交 供应商 名称 、联系地址及 成交 金额:. 无人机 反制设备 (项目编号:#40 )采购已经结束,现将采购结果公示如下:... gz.bidcenter.com.cn 反馈","继承原库并规则复核","无人机侦测反制设备/装备","侦测反制装备/设备","无人机侦测反制设备/装备：公开信息未披露","公开信息未披露","公开信息未披露","仅项目级推断","按项目名称/项目类型推断；具体设备未披露","数量仅在公告/证据明确披露时填写；未披露的不按金额或经验倒推"
"日常巡防需求","无明显兼具类别","硬件设备/装备","含公安巡防/常态监管关键词","高","LA-2025-0023","贵州","黔东南","黔东南州公安局采购无人机及无人机反制设备中标（成交）公告","侦测反制装备","中标/成交结果","是","贵州省黔东南苗族侗族自治州公安局","公开信息未披露","","公开信息未披露","2025年11月7日","2025","B-公开转载/行业平台","较完整","https://www.bid110.com/view/461/WMJSXJoBg7S5K-631FlI.html","黔东南州公安局采购 无人机 及 无人机反制设备中标 (成交) 公告 _招标详情 2025年11月7日 - 序号 标项名称 规格型号 数量 单位 单价(元) 评审价(元) 总价(元) 中标 供应商名称 中标 供应商地址 中标 供应商统一社会信用代码 1 黔东南州公安局采购 ... www.bid110.com 反馈","依据项目名/采购人/证据摘要从[北京]校正为[贵州]","无人机反制设备","侦测反制装备/设备","无人机反制设备：公开信息未披露","公开信息未披露","公开信息未披露","仅项目级推断","项目名称/证据摘要关键词抽取；公开信息未见数量","数量仅在公告/证据明确披露时填写；未披露的不按金额或经验倒推"
"日常巡防需求","无明显兼具类别","服务/租赁/咨询","含公安巡防/常态监管关键词","高","LA-2026-0024","贵州","贵阳","贵阳市公安局无人机反制设备采购项目","侦测反制服务/租赁","合同公告","是","贵阳市公安局","公开信息未披露","","公开信息未披露","2026年5月7日","2026","B-公开转载/行业平台","较完整","https://www.okcis.cn/20260507-n3-20260507234734360225.html","公开转载结果页摘要显示项目为无人机反制设备采购，中标结果发布时间2026年5月7日，采购主体可识别为贵阳市公安局；金额和中标单位未披露。","修正：原发包采购单位字段误入整段转载摘要，按摘要中明确采购主体更正；具体分局待回溯官方原文","无人机反制设备","侦测反制装备/设备","无人机反制设备：公开信息未披露","公开信息未披露","公开信息未披露","仅项目级推断","项目名称/证据摘要关键词抽取；公开信息未见数量","数量仅在公告/证据明确披露时填写；未披露的不按金额或经验倒推"
"日常巡防需求","无明显兼具类别","软硬件综合/系统平台","未命中特定场景，按低空常态监测默认归入日常巡防","低","LA-2026-0025","贵州","未识别","无人机反制 系统采购项目 中标 (成交)结果公示 2026年3月24日","侦测反制系统/平台","中标/成交结果","是","公开信息未披露","公开信息未披露","","公开信息未披露","2026年3月24日","2026","B-公开转载/行业平台","待复核","https://www.okcis.cn/20260324-n3-20260324160318206335.html","无人机反制 系统采购项目 中标 (成交)结果公示 2026年3月24日 - 我部对 无人机 反制系统采购项目采购项目进行了公开招标采购,现就供应商评审排名及预 中标 (成交)结果公示如下:.[ 中标 结果]中国共产党安龙县纪律检查委员... www.okcis.cn 反馈","继承原库并规则复核","无人机侦测反制系统/平台","系统平台/管控软件","无人机侦测反制系统/平台：公开信息未披露","公开信息未披露","公开信息未披露","仅项目级推断","按项目类型推断；具体设备未披露","数量仅在公告/证据明确披露时填写；未披露的不按金额或经验倒推"
"敏感目标防护需求","无明显兼具类别","软硬件综合/系统平台","含敏感目标或重点设施关键词","高","LA-2025-0026","河北","唐山","陡河水库 无人机反制系统 双盲评审公开招标 中标公告","侦测反制系统/平台","中标/成交结果","是","唐山市陡河水库事务中心","公开信息未披露","","公开信息未披露","2025年6月19日","2025","B-公开转载/行业平台","较完整","https://www.bidcenter.com.cn/news-362127167-4.html","陡河水库 无人机反制系统 双盲评审公开招标 中标公告 -采招网 2025年6月19日 - 唐山市陡河水库事务中心陡河水库 无人机反制系统 (双盲评审)公开招标 中标公告 2025-06-19.Z1302002503172001陡河水库无人机反制系统(二次)(双盲... www.bidcenter.com.cn 反馈","继承原库并规则复核","无人机反制系统","系统平台/管控软件","无人机反制系统：公开信息未披露","公开信息未披露","公开信息未披露","仅项目级推断","项目名称/证据摘要关键词抽取；公开信息未见数量","数量仅在公告/证据明确披露时填写；未披露的不按金额或经验倒推"
"日常巡防需求","无明显兼具类别","软硬件综合/系统平台","含公安巡防/常态监管关键词","高","LA-2026-0027","河北","秦皇岛","秦皇岛市公安局无人机管控前端系统升级项目","侦测反制系统/平台","中标/成交结果","是","秦皇岛市公安局","279.5000 万元","279.5","中国铁塔股份有限公司秦皇岛市分公司、河北梓墨电子科技有限公司","2026-03-30","2026","B-公开转载/行业平台","完整","https://www.aamshanghai.com/jiangsu-yancheng-low-drone-bidding.html","公开低空招投标资讯披露：无人机管控前端系统升级项目，中标金额279.50万元。","补充检索新增；常态化管控类","无人机管控前端系统","系统平台/管控软件","无人机管控前端系统：公开信息未披露","公开信息未披露","公开信息未披露","仅项目级推断","项目名称/证据摘要关键词抽取；公开信息未见数量","数量仅在公告/证据明确披露时填写；未披露的不按金额或经验倒推"
"敏感目标防护需求","日常巡防需求","硬件设备/装备","含敏感目标或重点设施关键词","高","LA-2024-0028","黑龙江","大兴安岭","大兴安岭边境管理支队 无人机反制 设备采购项目( 中标公告","侦测反制装备","中标/成交结果","是","大兴安岭边境管理支队","公开信息未披露","","公开信息未披露","2024年9月19日","2024","B-公开转载/行业平台","较完整","https://hlj.bidizhaobiao.com/info-532368962.html","大兴安岭边境管理支队 无人机反制 设备采购项目( 中标公告 )-黑龙江招标网 2024年9月19日 - 中华人民共和国黑龙江省出入境边防检查总站大兴安岭边境管理支队大兴安岭边境管理支队 无人机 反制设备采购项目成交 公告 .序号 供应商名称 货物 名称 货物... hlj.bidizhaobiao.com 反馈","继承原库并规则复核","无人机侦测反制设备/装备","侦测反制装备/设备","无人机侦测反制设备/装备：公开信息未披露","公开信息未披露","公开信息未披露","仅项目级推断","按项目名称/项目类型推断；具体设备未披露","数量仅在公告/证据明确披露时填写；未披露的不按金额或经验倒推"
"敏感目标防护需求","无明显兼具类别","软硬件综合/系统平台","含敏感目标或重点设施关键词","高","LA-2024-0029","黑龙江","未识别","某部 无人机反制 系统采购项目( 中标公告","侦测反制系统/平台","中标/成交结果","是","某部","公开信息未披露","","福建灵信信息科技有限公司","2024年12月5日","2024","B-公开转载/行业平台","较完整","https://hlj.bidizhaobiao.com/info-565506186.html","某部 无人机反制 系统采购项目( 中标公告 )-黑龙江招标网 2024年12月5日 - 预成交 供应商 :福建灵信信息科技有限公司. 无人机反制 系统采购项目 采购结果 公告 一、 项目 名称 :某部 无人机反制 系统采购项目 二、项目编... 预成交 供应 ... hlj.bidizhaobiao.com 反馈","继承原库并规则复核；标题为中标/成交结果，阶段修正","无人机侦测反制系统/平台","系统平台/管控软件","无人机侦测反制系统/平台：公开信息未披露","公开信息未披露","公开信息未披露","仅项目级推断","按项目类型推断；具体设备未披露","数量仅在公告/证据明确披露时填写；未披露的不按金额或经验倒推"
"日常巡防需求","无明显兼具类别","硬件设备/装备","含公安巡防/常态监管关键词","高","LA-2025-0030","黑龙江","丰林","丰林县公安局 无人机反制 装备比价比价采购 成交公告 2025年11月7日","侦测反制装备","中标/成交结果","是","丰林县公安局","公开信息未披露","","公开信息未披露","2025年11月7日","2025","B-公开转载/行业平台","较完整","https://www.jianyu360.cn/nologin/content/ABCY1xrdikFGSg7JGd0dXUJJSQ4QCFjYXx0KTggOSEwXlVwHAFUCXE%3D.html","丰林县公安局 无人机反制 装备比价比价采购 成交公告 2025年11月7日 - 1. 供应商 需要提供相关 无人机 反制类产品相关业绩(提供证明材料或公示信息造假必追责) .采购单位:丰林县公安局 报价截止时间:2025-11-07 09:00:00 项目... www.jianyu360.cn 反馈","继承原库并规则复核","无人机侦测反制设备/装备","侦测反制装备/设备","无人机侦测反制设备/装备：公开信息未披露","公开信息未披露","公开信息未披露","仅项目级推断","按项目名称/项目类型推断；具体设备未披露","数量仅在公告/证据明确披露时填写；未披露的不按金额或经验倒推"
"敏感目标防护需求","无明显兼具类别","硬件设备/装备","含敏感目标或重点设施关键词","高","LA-2025-0031","黑龙江","未识别","某部无人机及反制设备采购项目","侦测反制装备","中标/成交结果","是","某部","公开信息未披露","","公开信息未披露","2025年7月31日","2025","B-公开转载/行业平台","较完整","https://hlj.bidcenter.com.cn/zbcontent-370836117-4.html","黑龙江招标网转载结果公示显示：某部无人机及反制设备采购项目，中标结果公示发布时间2025年7月31日；中标单位公开摘要未披露。","修正：原发包采购单位字段误入“受业主委托”平台语，按项目标题更正为某部","无人机侦测反制设备/装备","侦测反制装备/设备","无人机侦测反制设备/装备：公开信息未披露","公开信息未披露","公开信息未披露","仅项目级推断","按项目名称/项目类型推断；具体设备未披露","数量仅在公告/证据明确披露时填写；未披露的不按金额或经验倒推"
"敏感目标防护需求","日常巡防需求","硬件设备/装备","含公安巡防/常态监管关键词","高","LA-2026-0032","黑龙江","绥化","绥化市公安局无人机与无人机反制设备采购项目","侦测反制装备","中标/成交结果","是","绥化市公安局","157.8189 万元","157.8189","黑龙江省铭腾科技有限公司","2026-01-16","2026","B-公开转载/行业平台","完整","https://m.sohu.com/a/976721051_122434053","公开转载的中标结果披露：无人机固定侦测、固定反制、手持反制、手持无源侦测等标的，总金额1578189元。","人工核验补充；待回溯黑龙江政府采购原文","无人机反制设备","侦测探测设备","无人机反制设备：公开信息未披露","公开信息未披露","公开信息未披露","仅项目级推断","项目名称/证据摘要关键词抽取；公开信息未见数量","数量仅在公告/证据明确披露时填写；未披露的不按金额或经验倒推"
"重大活动保障需求","日常巡防需求","服务/租赁/咨询","含赛事/活动/安保保障/阵地租赁关键词","高","LA-2025-0033","湖北","武汉","武汉东湖新技术开发区分局光谷马拉松无人机反制租赁服务项目","侦测反制服务/租赁","中标/成交结果","是","武汉东湖新技术开发区分局","公开信息未披露","","武汉优一硕智能应用科技有限公司","2025-10-20","2025","B-公开转载/行业平台","较完整","https://www.bbda.com/bidList/k1295","公开招投标信息披露：光谷马拉松无人机反制租赁服务，供应商武汉优一硕智能应用科技有限公司。","补充检索新增；重大活动保障类","无人机反制租赁服务","侦测反制装备/设备","无人机反制租赁服务：公开信息未披露","公开信息未披露","公开信息未披露","仅项目级推断","项目名称/证据摘要关键词抽取；公开信息未见数量","数量仅在公告/证据明确披露时填写；未披露的不按金额或经验倒推"
"重大活动保障需求","日常巡防需求","服务/租赁/咨询","含公安巡防/常态监管关键词","低","LA-2026-0034","湖南","长沙","长沙市公安局天心分局警保卫大队关于无人机反制服务的竞价竞价成交公告","侦测反制服务/租赁","中标/成交结果","是","公开信息未披露","公开信息未披露","","公开信息未披露","2026年01月28日","2026","B-公开转载/行业平台","待复核","https://www.chinamae.com/purchases/e6acdaa5c2b53548354b67324ab1c7e8.html","长沙市公安局天心分局警保卫大队关于 无人机反制 服务的竞价竞价 成交公告 2026年1月28日 - 序号 标的 名称 品牌 规格型号 数量 单价(元) 成交 金额(元) 报价明细 1 无人机 反制服务 - - 39天 1278.00 49842.00 需求响应: 无人机 反制服务.衡阳市南... www.chinamae.com 反馈","依据项目名/采购人/证据摘要从[北京]校正为[湖南]","无人机反制服务","侦测反制装备/设备","无人机反制服务：公开信息未披露","公开信息未披露","公开信息未披露","仅项目级推断","项目名称/证据摘要关键词抽取；公开信息未见数量","数量仅在公告/证据明确披露时填写；未披露的不按金额或经验倒推"
"日常巡防需求","无明显兼具类别","硬件设备/装备","未命中特定场景，按低空常态监测默认归入日常巡防","高","LA-2024-0035","吉林","未识别","无人机反制 设备 中标 结果-采招网 2024年5月13日","侦测反制装备","中标/成交结果","是","公开信息未披露","48.2800 万元","48.28","公开信息未披露","2024年5月13日","2024","B-公开转载/行业平台","较完整","https://www.bidcenter.com.cn/newscontent-284812772-4.html","无人机反制 设备 中标 结果-采招网 2024年5月13日 - 2024年05月11日总成交金额:48.28(万元)成交供应商名称:吉林省润宣安防科技有限公司成交供应商地址:吉林省长春市朝....2.1台手持式 无人机 定位设... www.bidcenter.com.cn 反馈","继承原库并规则复核","无人机侦测反制设备/装备","侦测反制装备/设备","无人机侦测反制设备/装备：公开信息未披露","公开信息未披露","公开信息未披露","仅项目级推断","按项目名称/项目类型推断；具体设备未披露","数量仅在公告/证据明确披露时填写；未披露的不按金额或经验倒推"
"敏感目标防护需求","日常巡防需求","硬件设备/装备","含公安巡防/常态监管关键词","高","LA-2024-0036","江苏","常州","常州市公安局2024年无人机侦测反制设备采购项目","侦测反制装备","中标/成交结果","是","常州市公安局","193.9000 万元","193.9","南京金护警用装备有限公司","2024-07-29","2024","A-官方公告/公共资源","完整","https://zfcg.changzhou.gov.cn/html/ns/class_fscg_zbgg/898718001419495.html","常州市政府采购网中标公告披露：项目编号JSZC-320400-JZCG-G2024-0259，中标金额1939000元。","人工核验补充","无人机侦测反制设备","侦测反制装备/设备","无人机侦测反制设备：公开信息未披露","公开信息未披露","公开信息未披露","仅项目级推断","项目名称/证据摘要关键词抽取；公开信息未见数量","数量仅在公告/证据明确披露时填写；未披露的不按金额或经验倒推"
"敏感目标防护需求","日常巡防需求","软硬件综合/系统平台","含公安巡防/常态监管关键词","高","LA-2024-0037","江苏","泰州","泰州市公安局巡特警支队无人机侦测反制设备采购项目","侦测反制装备","中标/成交结果","是","泰州市公安局（机关）","78.8000 万元","78.8","广州华警安防科技发展有限公司","2024-09-12","2024","A-官方公告/公共资源","完整","https://czj.taizhou.gov.cn/tzzfcgw/cgxx/sjcgxx/zbcjjggg/cjgg/art/2024/art_b69d7a2834914873a79ded08916bbd97.html","泰州市政府采购网成交公告披露：固定式无人机侦测反制设备，中标/成交金额788000元。","人工核验补充","固定式无人机侦测反制设备","固定式反制/防御设备","固定式无人机侦测反制设备：公开信息未披露","公开信息未披露","公开信息未披露","仅项目级推断","项目名称/证据摘要关键词抽取；公开信息未见数量","数量仅在公告/证据明确披露时填写；未披露的不按金额或经验倒推"
"日常巡防需求","无明显兼具类别","硬件设备/装备","未命中特定场景，按低空常态监测默认归入日常巡防","低","LA-2024-0038","江苏","未识别","2024年无人机侦测反制设备采购项目中标公告","侦测反制装备","中标/成交结果","是","公开信息未披露","公开信息未披露","","公开信息未披露","2024-07-29","2024","B-公开转载/行业平台","待复核","https://www.zhiliaobiaoxun.com/detail/444740462b2E5CE70DEa.html","2024年 无人机 侦测 反制设备 采购项目 中标公告 _江苏中标-知了标讯 2024年7月29日 - 无人机 侦测 反制设备 基本信息.南京金护警用装备有限公司 中标 联系人.二、项目名称:2024年无人机侦测 反制设备 采购项目... www.zhiliaobiaoxun.com 反馈","依据项目名/采购人/证据摘要从[北京]校正为[江苏]","无人机侦测反制设备","侦测反制装备/设备","无人机侦测反制设备：公开信息未披露","公开信息未披露","公开信息未披露","仅项目级推断","项目名称/证据摘要关键词抽取；公开信息未见数量","数量仅在公告/证据明确披露时填写；未披露的不按金额或经验倒推"
"日常巡防需求","无明显兼具类别","硬件设备/装备","未命中特定场景，按低空常态监测默认归入日常巡防","低","LA-2024-0039","江苏","未识别","中国电信 中标 结果: 太湖之鹰 无人机 及 反制 设备采购项目 中标公告 _股票... 2024年11月26日","侦测反制装备","中标/成交结果","是","公开信息未披露","公开信息未披露","","公开信息未披露","2024年11月26日","2024","B-公开转载/行业平台","待复核","https://stock.stockstar.com/RB2024112600036112.shtml","中国电信 中标 结果: 太湖之鹰 无人机 及 反制 设备采购项目 中标公告 _股票... 2024年11月26日 - 二、项目名称: 太湖之鹰 无人机 及 反制 设备采购项目.序号 供应商名称 社会信用代码 供应商地址 评审总得分 中标 /成交金额 1 中国电信股份有限公... stock.stockstar.com 反馈","继承原库并规则复核","无人机侦测反制设备/装备","侦测反制装备/设备","无人机侦测反制设备/装备：公开信息未披露","公开信息未披露","公开信息未披露","仅项目级推断","按项目名称/项目类型推断；具体设备未披露","数量仅在公告/证据明确披露时填写；未披露的不按金额或经验倒推"
"敏感目标防护需求","日常巡防需求","软硬件综合/系统平台","含公安巡防/常态监管关键词","高","LA-2024-0040","江苏","无锡","无锡市公安局梁溪分局无人机反制系统采购项目","侦测反制系统/平台","中标/成交结果","是","无锡市公安局梁溪分局","56.1000 万元","56.1","无锡蓝天翱翔智能科技有限公司","2024-11-08","2024","B-公开转载/行业平台","完整","https://www.fdzb119.com/zhaobiao/123745.html","公开转载中标公告披露：无人机反制系统采购项目，中标金额561000元。","人工核验补充；待回溯江苏政府采购原文","无人机反制系统","系统平台/管控软件","无人机反制系统：公开信息未披露","公开信息未披露","公开信息未披露","仅项目级推断","项目名称/证据摘要关键词抽取；公开信息未见数量","数量仅在公告/证据明确披露时填写；未披露的不按金额或经验倒推"
"园区运营需求","无明显兼具类别","硬件设备/装备","含园区/运营/示范基地关键词","高","LA-2025-0041","江苏","连云港","连云港腾云低空智联低空安防试验示范基地无人机反制装置零部件采购项目","侦测反制装备","中标/成交结果","是","连云港腾云低空智联科技有限公司","89.6000 万元","89.6","连云港润飒科技有限公司","2025-11-05","2025","B-公开转载/行业平台","完整","https://www.bbda.com/bidList/k1295","公开招投标信息披露：低空安防试验示范基地无人机反制装置零部件采购，中标金额896000元。","补充检索新增；园区/试验示范基地类","无人机反制装置零部件","侦测反制装备/设备","无人机反制装置零部件：公开信息未披露","公开信息未披露","公开信息未披露","仅项目级推断","项目名称/证据摘要关键词抽取；公开信息未见数量","数量仅在公告/证据明确披露时填写；未披露的不按金额或经验倒推"
"日常巡防需求","无明显兼具类别","硬件设备/装备","未命中特定场景，按低空常态监测默认归入日常巡防","高","LA-2025-0042","江苏","未识别","某单位 无人机反制 设备采购项目(中标 公告","侦测反制装备","中标/成交结果","是","某单位","公开信息未披露","","公开信息未披露","2025年12月1日","2025","B-公开转载/行业平台","较完整","https://js.bidizhaobiao.com/info-747498015.html","某单位 无人机反制 设备采购项目(中标 公告 )-江苏招标网 2025年12月1日 - 供应商 分析报告的作用:1、帮助您分析同行或者自身的中标 金额 趋势、项目规模和报价下浮率,为企业投标、报价提供参考,让投标决策更合理;.项目所在地:江... js.bidizhaobiao.com 反馈","继承原库并规则复核","无人机侦测反制设备/装备","侦测反制装备/设备","无人机侦测反制设备/装备：公开信息未披露","公开信息未披露","公开信息未披露","仅项目级推断","按项目名称/项目类型推断；具体设备未披露","数量仅在公告/证据明确披露时填写；未披露的不按金额或经验倒推"
"日常巡防需求","无明显兼具类别","服务/租赁/咨询","未命中特定场景，按低空常态监测默认归入日常巡防","高","LA-2025-0043","江苏","未识别","无人机反制 设备(中标 公告","侦测反制服务/租赁","中标/成交结果","是","公开信息未披露","公开信息未披露","","江苏中瀚工程项目管理咨询有限公司","2025年12月1日","2025","B-公开转载/行业平台","较完整","https://js.bidizhaobiao.com/info-527019076.html","无人机反制 设备(中标 公告 )-江苏招标网 2025年12月1日 - 登录即可查看 2.采购代理机构信息 名称 :江苏中瀚工程项目管理咨询有限公司 地址:徐州市泉山区矿大科技园泉山科技楼南四楼 联系方式:登录即可查看 3.项... js.bidizhaobiao.com 反馈","继承原库并规则复核","无人机侦测反制/低空管控服务","服务/租赁","无人机侦测反制/低空管控服务：1项服务","公开信息未披露","公开信息未披露","仅项目级推断","按项目类型推断服务包；具体设备未披露","数量仅在公告/证据明确披露时填写；未披露的不按金额或经验倒推"
"日常巡防需求","无明显兼具类别","硬件设备/装备","未命中特定场景，按低空常态监测默认归入日常巡防","高","LA-2025-0044","江苏","未识别","无人机反制 设备采购( 中标公告","侦测反制装备","中标/成交结果","是","公开信息未披露","236000.00 (元)","","云上筋斗(南京)科技有限公司","2025年12月1日","2025","B-公开转载/行业平台","较完整","https://shaanxi.bidizhaobiao.com/info-745858052.html","无人机反制 设备采购( 中标公告 )-陕西招标网 2025年12月1日 - 五、预 中标 (成交) 供应商 :.第一名:云上筋斗(南京)科技有限公司 ,报价形式:总价 ,报价 金额 :236000.00 (元) ;. 供应商 对预中标(成交)结果如有异议,应当自... shaanxi.bidizhaobiao.com 反馈","依据项目名/采购人/证据摘要从[陕西]校正为[江苏]","无人机侦测反制设备/装备","侦测反制装备/设备","无人机侦测反制设备/装备：公开信息未披露","公开信息未披露","公开信息未披露","仅项目级推断","按项目名称/项目类型推断；具体设备未披露","数量仅在公告/证据明确披露时填写；未披露的不按金额或经验倒推"
"日常巡防需求","无明显兼具类别","软硬件综合/系统平台","含公安巡防/常态监管关键词","高","LA-2026-0045","江苏","连云港","连云港市公安局车载式无人机反制系统购买中标公告","侦测反制系统/平台","中标/成交结果","是","连云港市公安局","公开信息未披露","","公开信息未披露","2026年4月3日","2026","B-公开转载/行业平台","较完整","https://www.zhiliaobiaoxun.com/article/95096299","连云港市公安局车载式 无人机反制系统 购买 中标公告 2026年4月3日 - 项目名称: 连云港市公安局车载式 无人机反制系统 购买 中标公告 招标公司: 连云港市公安局 中标公司: 江苏丰东信息科技有限公司 采购标的物: 车载式 无人 ... www.zhiliaobiaoxun.com 反馈","依据项目名/采购人/证据摘要从[北京]校正为[江苏]","无人机反制系统","系统平台/管控软件","无人机反制系统：公开信息未披露","公开信息未披露","公开信息未披露","仅项目级推断","项目名称/证据摘要关键词抽取；公开信息未见数量","数量仅在公告/证据明确披露时填写；未披露的不按金额或经验倒推"
"敏感目标防护需求","无明显兼具类别","硬件设备/装备","含敏感目标或重点设施关键词","高","LA-2026-0046","江苏","南京","江苏省龙潭监狱无人机反制设备采购项目","侦测反制装备","中标/成交结果","是","江苏省龙潭监狱","2.8789 万元","2.8789","南京冠航智能科技有限公司","2026-02-06","2026","B-公开转载/行业平台","完整","https://www.bbda.com/bidList/k1295","公开招投标信息披露：江苏省龙潭监狱无人机反制设备采购，成交金额28789元。","补充检索新增；监狱敏感目标类","无人机反制设备","侦测反制装备/设备","无人机反制设备：公开信息未披露","公开信息未披露","公开信息未披露","仅项目级推断","项目名称/证据摘要关键词抽取；公开信息未见数量","数量仅在公告/证据明确披露时填写；未披露的不按金额或经验倒推"
"日常巡防需求","无明显兼具类别","硬件设备/装备","未命中特定场景，按低空常态监测默认归入日常巡防","高","LA-2025-0047","江西","南昌","南昌市 无人机反制 装备项目采购公告竞价 成交公告","侦测反制装备","中标/成交结果","是","公开信息未披露","10.4500 万元","10.45","公开信息未披露","2025年12月9日","2025","B-公开转载/行业平台","较完整","https://jx.bidcenter.com.cn/zbcontent-394187096-4.html","南昌市 无人机反制 装备项目采购公告竞价 成交公告 -江西招标网 2025年12月9日 - 成交 供应商 名称 、联系地址及 成交 金额:.总 成交 金额:10.45 (万元)... jx.bidcenter.com.cn 反馈","继承原库并规则复核","无人机侦测反制设备/装备","侦测反制装备/设备","无人机侦测反制设备/装备：公开信息未披露","公开信息未披露","公开信息未披露","仅项目级推断","按项目名称/项目类型推断；具体设备未披露","数量仅在公告/证据明确披露时填写；未披露的不按金额或经验倒推"
"日常巡防需求","无明显兼具类别","服务/租赁/咨询","含公安巡防/常态监管关键词","高","LA-2026-0048","江西","崇仁","崇仁县公安局无人机反制设备采购项目","侦测反制服务/租赁","中标/成交结果","是","崇仁县公安局","公开信息未披露","","公开信息未披露","2026年4月1日","2026","B-公开转载/行业平台","较完整","https://www.ixbang.com/bid/detail/3C831D33919D937FC2E8DA122B0151D4.html","销邦招标平台转载结果显示：关于无人机反制设备采购项目中选结果的公告，在线选取采购单位为崇仁县公安局，发布时间2026年4月1日。","修正：原发包采购单位字段误入整段转载摘要，按摘要中“崇仁县公安局”更正","无人机反制设备","系统平台/管控软件","无人机反制设备：公开信息未披露","公开信息未披露","公开信息未披露","仅项目级推断","项目名称/证据摘要关键词抽取；公开信息未见数量","数量仅在公告/证据明确披露时填写；未披露的不按金额或经验倒推"
"日常巡防需求","无明显兼具类别","硬件设备/装备","含公安巡防/常态监管关键词","高","LA-2026-0049","江西","南昌","赣江新区公安局无人机侦测预警设备采购项目","侦测反制装备","中标/成交结果","是","赣江新区公安局","92.5000 万元","92.5","鉴真防务技术（上海）有限公司","2026-01-20","2026","B-公开转载/行业平台","完整","https://www.bbda.com/bidList/k1295","公开招投标聚合页披露：赣江新区公安局无人机侦测预警设备采购项目结果变更，中标金额925000元，中标单位鉴真防务技术（上海）有限公司。","人工核验补充；待回溯江西公共资源原文","无人机侦测反制设备/装备","侦测反制装备/设备","无人机侦测反制设备/装备：公开信息未披露","公开信息未披露","公开信息未披露","仅项目级推断","按项目名称/项目类型推断；具体设备未披露","数量仅在公告/证据明确披露时填写；未披露的不按金额或经验倒推"
"日常巡防需求","无明显兼具类别","硬件设备/装备","含公安巡防/常态监管关键词","高","LA-2025-0050","辽宁","抚顺","采购无人机反制设备结果公告","侦测反制装备","中标/成交结果","是","抚顺市公安局","公开信息未披露","","安徽金龙泰安安全设备有限公司","2025年8月27日","2025","B-公开转载/行业平台","较完整","https://www.bid110.com/view/105/5sd16pgBVX3Ep-cz3XON.html","采购 无人机反制设备 结果 公告 _招标详情 2025年8月27日 - 项目名称 采购 无人机 反制设备 省份/直辖市 辽宁 地区 .公安招标 无人机 招标中标信息.自本 公告 发布之日起 1 个工作日。... www.bid110.com 反馈","依据项目名/采购人/证据摘要从[北京]校正为[山东]","无人机反制设备","侦测反制装备/设备","无人机反制设备：公开信息未披露","公开信息未披露","公开信息未披露","仅项目级推断","项目名称/证据摘要关键词抽取；公开信息未见数量","数量仅在公告/证据明确披露时填写；未披露的不按金额或经验倒推"
"日常巡防需求","无明显兼具类别","硬件设备/装备","未命中特定场景，按低空常态监测默认归入日常巡防","低","LA-2025-0051","辽宁","未识别","无人机反制 设备采购( 中标公告 )-辽宁招标网 2025年12月1日","侦测反制装备","中标/成交结果","是","公开信息未披露","公开信息未披露","","公开信息未披露","2025年12月1日","2025","B-公开转载/行业平台","待复核","https://ln.bidizhaobiao.com/info-759674880.html","无人机反制 设备采购( 中标公告 )-辽宁招标网 2025年12月1日 - 供应商分析报告的作用:1、帮助您分析同行或者自身的 中标 金额趋势、项目规模和 报价 下浮率,为企业投标、 报价 提供参考,让投标决策更合理;.业主版分析报告... ln.bidizhaobiao.com 反馈","继承原库并规则复核","无人机侦测反制设备/装备","侦测反制装备/设备","无人机侦测反制设备/装备：公开信息未披露","公开信息未披露","公开信息未披露","仅项目级推断","按项目名称/项目类型推断；具体设备未披露","数量仅在公告/证据明确披露时填写；未披露的不按金额或经验倒推"
"日常巡防需求","无明显兼具类别","硬件设备/装备","未命中特定场景，按低空常态监测默认归入日常巡防","高","LA-2025-0052","辽宁","未识别","无人机反制设备中标公告","侦测反制装备","中标/成交结果","是","公开信息未披露","公开信息未披露","","公开信息未披露","2025年01月17日","2025","B-公开转载/行业平台","较完整","https://www.qianlima.com/bid-481110012.html","无人机反制 设备 中标公告 -千里马招标网 2025年1月17日 - 一、项目 名称 :无人机 反制 设备.结果- 中标 通知辽宁-大连发布时间:2025年01月17日... www.qianlima.com 反馈","修正：原发包采购单位字段误入评审确认语，公开摘要未识别采购主体","无人机反制设备","侦测反制装备/设备","无人机反制设备：公开信息未披露","公开信息未披露","公开信息未披露","仅项目级推断","项目名称/证据摘要关键词抽取；公开信息未见数量","数量仅在公告/证据明确披露时填写；未披露的不按金额或经验倒推"
"敏感目标防护需求","日常巡防需求","软硬件综合/系统平台","含敏感目标或重点设施关键词；含公安巡防/常态监管关键词","高","LA-2026-0053","辽宁","沈阳","沈阳铁路公安局无人机反制系统采购项目中标公告","侦测反制系统/平台","中标/成交结果","是","沈阳铁路公安局","224.9850 万元","224.985","北京延创科技有限责任公司","2026年4月3日","2026","B-公开转载/行业平台","完整","https://www.zhiliaobiaoxun.com/article/95098321","沈阳铁路公安局 无人机反制系统 采购项目 中标公告 2026年4月3日 - 无人机 反制系统项目地区:辽宁 沈阳. 中标 (成交)金额:224.9850000(万元)... www.zhiliaobiaoxun.com 反馈","依据项目名/采购人/证据摘要从[北京]校正为[辽宁]","无人机反制系统","系统平台/管控软件","无人机反制系统：公开信息未披露","公开信息未披露","公开信息未披露","仅项目级推断","项目名称/证据摘要关键词抽取；公开信息未见数量","数量仅在公告/证据明确披露时填写；未披露的不按金额或经验倒推"
"日常巡防需求","无明显兼具类别","硬件设备/装备","含公安巡防/常态监管关键词","高","LA-2023-0054","内蒙古","鄂尔多斯","鄂尔多斯市公安局采购无人机侦测反制设备项目","侦测反制装备","中标/成交结果","是","鄂尔多斯市公安局","126.2000 万元","126.2","河北疆来科技有限公司","2023-06-30","2023","A-官方公告/公共资源","完整","https://www.ordosggzyjy.org.cn/TPFront/InfoDetail/?InfoID=48b84f25-1b20-4e52-87f4-e31b90bbd6bb&CategoryNum=005002003","鄂尔多斯公共资源交易公开结果披露：采购无人机侦测反制设备项目，中标金额126.2万元。","人工核验补充","无人机侦测反制设备","侦测反制装备/设备","无人机侦测反制设备：公开信息未披露","公开信息未披露","公开信息未披露","仅项目级推断","项目名称/证据摘要关键词抽取；公开信息未见数量","数量仅在公告/证据明确披露时填写；未披露的不按金额或经验倒推"
"日常巡防需求","无明显兼具类别","硬件设备/装备","未命中特定场景，按低空常态监测默认归入日常巡防","高","LA-2025-0055","内蒙古","呼和浩特","呼和浩特市某单位 无人机反制 设备采购项目 成交公告","侦测反制装备","中标/成交结果","是","公开信息未披露","公开信息未披露","","中科星图慧安科技有限公司","2025年12月15日","2025","B-公开转载/行业平台","较完整","https://www.chinabidding.cn/zbgs/U-vzeIGYx.html","呼和浩特市某单位 无人机反制 设备采购项目 成交公告 -采购与招标网(www.... 2025年12月15日 - 序号 供应商 名称 货物 名称 货物品牌 货物型号 货物数量 货物单价(元) 1 中科星图慧安科技有限公司 无人机 反制设备 理工全盛 BAT-H1030 2套 400-006-66... www.chinabidding.cn 反馈","继承原库并规则复核","无人机侦测反制设备/装备","侦测反制装备/设备","无人机侦测反制设备/装备：公开信息未披露","公开信息未披露","公开信息未披露","仅项目级推断","按项目名称/项目类型推断；具体设备未披露","数量仅在公告/证据明确披露时填写；未披露的不按金额或经验倒推"
"敏感目标防护需求","日常巡防需求","软硬件综合/系统平台","含公安巡防/常态监管关键词","高","LA-2025-0056","内蒙古","康巴什","康巴什区中轴线无人机反制系统建设项目","侦测反制系统/平台","中标/成交结果","是","鄂尔多斯市公安局康巴什分局","380.3522 万元","380.3522","中移系统集成有限公司","2025-08-21","2025","B-公开转载/行业平台","完整","https://www.zcbx.xyz/index.php?v=show&cid=93&id=654079","公开转载中标结果披露：康巴什区中轴线无人机反制系统建设项目，中标金额3803522元。","人工核验补充；待回溯内蒙古政府采购原文","无人机反制系统","系统平台/管控软件","无人机反制系统：公开信息未披露","公开信息未披露","公开信息未披露","仅项目级推断","项目名称/证据摘要关键词抽取；公开信息未见数量","数量仅在公告/证据明确披露时填写；未披露的不按金额或经验倒推"
"敏感目标防护需求","无明显兼具类别","硬件设备/装备","含敏感目标或重点设施关键词","高","LA-2025-0057","内蒙古","未识别","某部采购 无人机反制设备 ( 中标公告","侦测反制装备","中标/成交结果","是","某部","公开信息未披露","","公开信息未披露","2025年12月1日","2025","B-公开转载/行业平台","较完整","https://nmg.bidizhaobiao.com/info-715218996.html","某部采购 无人机反制设备 ( 中标公告 )-内蒙古招标网 2025年12月1日 - 一、项目名称:某部采购 无人机 反制设备.企业报告(供应商版)1、帮助您分析同行或者自身的 中标 金额趋势、项目规模和报价下浮率,为企业投标、报价提供参考... nmg.bidizhaobiao.com 反馈","继承原库并规则复核","无人机反制设备","侦测反制装备/设备","无人机反制设备：公开信息未披露","公开信息未披露","公开信息未披露","仅项目级推断","项目名称/证据摘要关键词抽取；公开信息未见数量","数量仅在公告/证据明确披露时填写；未披露的不按金额或经验倒推"
"日常巡防需求","无明显兼具类别","硬件设备/装备","未命中特定场景，按低空常态监测默认归入日常巡防","低","LA-2026-0058","内蒙古","未识别","特种指挥车辆及 无人机反制设备中标 成交结果 公告","侦测反制装备","中标/成交结果","是","公开信息未披露","公开信息未披露","","公开信息未披露","2026年1月6日","2026","B-公开转载/行业平台","待复核","https://www.bidcenter.com.cn/news-399071504-4.html","特种指挥车辆及 无人机反制设备中标 成交结果 公告 -采招网 2026年1月6日 - 二、项目名称:特种指挥车辆及 无人机 反制设备.供应商名称 供应商地址 评审方法 是否价格扣除 中标 (成交)金额 评审总得分 内蒙 (略) 内蒙 (略) (略) (略... www.bidcenter.com.cn 反馈","继承原库并规则复核","无人机反制设备","侦测反制装备/设备","无人机反制设备：公开信息未披露","公开信息未披露","公开信息未披露","仅项目级推断","项目名称/证据摘要关键词抽取；公开信息未见数量","数量仅在公告/证据明确披露时填写；未披露的不按金额或经验倒推"
"敏感目标防护需求","日常巡防需求","软硬件综合/系统平台","含公安巡防/常态监管关键词","高","LA-2025-0059","宁夏","石嘴山","石嘴山市公安局无人机教培、警务应用及反制项目","侦测反制系统/平台","中标/成交结果","是","石嘴山市公安局","公开信息未披露","","宁夏中宇网安科技有限公司","2025-05-09","2025","B-公开转载/行业平台","较完整","https://www.bbda.com/bidList/k1295","公开招投标信息披露：无人机教培、警务应用及反制项目，中标单位宁夏中宇网安科技有限公司。","补充检索新增；待回溯宁夏政府采购原文","无人机教培、警务应用及反制项目","系统平台/管控软件","无人机教培、警务应用及反制项目：公开信息未披露","公开信息未披露","公开信息未披露","仅项目级推断","项目名称/证据摘要关键词抽取；公开信息未见数量","数量仅在公告/证据明确披露时填写；未披露的不按金额或经验倒推"
"日常巡防需求","无明显兼具类别","软硬件综合/系统平台","未命中特定场景，按低空常态监测默认归入日常巡防","高","LA-2025-0060","青海","未识别","某单位 无人机反制系统 采购( 中标公告","侦测反制系统/平台","中标/成交结果","是","某单位","公开信息未披露","","公开信息未披露","2025年12月1日","2025","B-公开转载/行业平台","较完整","https://qh.bidizhaobiao.com/info-725700531.html","某单位 无人机反制系统 采购( 中标公告 )-青海招标网 2025年12月1日 - 2、帮助您了解代理机构的项目分布情况(包括采购 系统 和地区),分析目标企业的市场占比,寻找更多市场机会;.供应商分析报告的作用:1、帮助您分析同行或者... qh.bidizhaobiao.com 反馈","继承原库并规则复核","无人机反制系统","系统平台/管控软件","无人机反制系统：公开信息未披露","公开信息未披露","公开信息未披露","仅项目级推断","项目名称/证据摘要关键词抽取；公开信息未见数量","数量仅在公告/证据明确披露时填写；未披露的不按金额或经验倒推"
"日常巡防需求","无明显兼具类别","硬件设备/装备","含公安巡防/常态监管关键词","高","LA-2023-0061","山东","山亭","山亭公安分局无人机反制装备项目","侦测反制装备","中标/成交结果","是","山亭公安分局","公开信息未披露","","公开信息未披露","2023年12月22日","2023","B-公开转载/行业平台","较完整","https://m.bidcenter.com.cn/newsrili-4-265755663.html","采招网转载结果页显示无人机反制装备中标结果，发布时间2023年12月22日，摘要可识别采购主体为山亭公安分局。","修正：原发包采购单位字段误入转载标题和关注语，按摘要可识别主体更正","无人机反制装备","侦测反制装备/设备","无人机反制装备：公开信息未披露","公开信息未披露","公开信息未披露","仅项目级推断","项目名称/证据摘要关键词抽取；公开信息未见数量","数量仅在公告/证据明确披露时填写；未披露的不按金额或经验倒推"
"敏感目标防护需求","无明显兼具类别","硬件设备/装备","含敏感目标或重点设施关键词","高","LA-2024-0062","山东","东营","东营机场无人机反制设备采购项目","侦测反制装备","中标/成交结果","是","东营机场","公开信息未披露","","公开信息未披露","2024年12月9日","2024","B-公开转载/行业平台","较完整","https://sd.bidizhaobiao.com/info-567616680.html","山东招标网转载成交公告显示：项目名称为东营机场无人机反制设备采购项目，项目编号SDYT2024-089#，公告日期2024年12月9日。","修正：原发包采购单位字段误入整段转载摘要，按项目名称和摘要中明确主体更正","无人机反制设备","侦测反制装备/设备","无人机反制设备：公开信息未披露","公开信息未披露","公开信息未披露","仅项目级推断","项目名称/证据摘要关键词抽取；公开信息未见数量","数量仅在公告/证据明确披露时填写；未披露的不按金额或经验倒推"
"日常巡防需求","无明显兼具类别","硬件设备/装备","含公安巡防/常态监管关键词","高","LA-2024-0063","山东","济南","济南市公安局特巡警支队 无人机反制 设备项目 中标公告","侦测反制装备","中标/成交结果","是","济南市公安局特巡警支队","公开信息未披露","","公开信息未披露","2024年7月18日","2024","B-公开转载/行业平台","较完整","https://www.bidcenter.com.cn/news-298684773-4.html","公开转载中标公告显示：济南市公安局特巡警支队无人机反制设备项目，公告日期2024年7月18日。","修正：原发包采购单位字段重复拼入项目标题，已保留明确采购主体","无人机反制设备","侦测反制装备/设备","无人机反制设备：公开信息未披露","公开信息未披露","公开信息未披露","仅项目级推断","项目名称/证据摘要关键词抽取；公开信息未见数量","数量仅在公告/证据明确披露时填写；未披露的不按金额或经验倒推"
"日常巡防需求","无明显兼具类别","硬件设备/装备","含公安巡防/常态监管关键词","高","LA-2024-0064","山东","禹城","禹城市公安局无人机反制设备采购项目","侦测反制装备","中标/成交结果","是","禹城市公安局","公开信息未披露","","山东品美信息科技有限公司","2024年12月6日","2024","B-公开转载/行业平台","较完整","https://www.bidcenter.com.cn/news-329016404-4.html","采招网转载中标结果摘要显示：项目名称为禹城市公安局无人机反制设备采购项目，发布时间2024年12月6日，中标单位为山东品美信息科技有限公司。","修正：原发包采购单位字段误入整段采招网转载摘要，按摘要中明确采购主体更正","无人机反制设备","侦测反制装备/设备","无人机反制设备：公开信息未披露","公开信息未披露","公开信息未披露","仅项目级推断","项目名称/证据摘要关键词抽取；公开信息未见数量","数量仅在公告/证据明确披露时填写；未披露的不按金额或经验倒推"
"日常巡防需求","无明显兼具类别","软硬件综合/系统平台","未命中特定场景，按低空常态监测默认归入日常巡防","低","LA-2025-0101","未识别","未识别","无人机反制设备 采购 中标公告","侦测反制装备","中标/成交结果","是","公开信息未披露","公开信息未披露","","公开信息未披露","2025年6月10日","2025","B-公开转载/行业平台","待复核","https://www.bidcenter.com.cn/newscontent-360279871-4.html","无人机反制设备 采购 中标公告 -采招网 2025年6月10日 - 九、凡对本次 公告 内容提出询问,请按以下方式联系。.受业主委托,中国采招网于 2025/6/10 发布 无人机反制设备 采购 中标公告 ;项目简介: 中标结果公告 一、... www.bidcenter.com.cn 反馈","脱敏或转载信息不足，未强行归省","无人机反制设备","侦测反制装备/设备","无人机反制设备：公开信息未披露","公开信息未披露","公开信息未披露","仅项目级推断","项目名称/证据摘要关键词抽取；公开信息未见数量","数量仅在公告/证据明确披露时填写；未披露的不按金额或经验倒推"
"日常巡防需求","无明显兼具类别","服务/租赁/咨询","未命中特定场景，按低空常态监测默认归入日常巡防","低","LA-2025-0066","山东","未识别","无人机反制 设备租赁服务( 中标公告","侦测反制服务/租赁","合同公告","是","公开信息未披露","公开信息未披露","","公开信息未披露","2025年1月3日","2025","B-公开转载/行业平台","待复核","https://sd.bidizhaobiao.com/info-579941578.html","无人机反制 设备租赁服务( 中标公告 )-山东招标网 2025年1月3日 - 二、合同 名称 :无人机 反制 设备租赁服务.主要标的 名称 规格型号(或服务要求)主要标的数量主要标的单价合同 金额 (万元). 供应商 (乙方):山东辰浩宏源智能科技... sd.bidizhaobiao.com 反馈","继承原库并规则复核","无人机侦测反制/低空管控服务","服务/租赁","无人机侦测反制/低空管控服务：1项服务","公开信息未披露","公开信息未披露","仅项目级推断","按项目类型推断服务包；具体设备未披露","数量仅在公告/证据明确披露时填写；未披露的不按金额或经验倒推"
"日常巡防需求","无明显兼具类别","硬件设备/装备","未命中特定场景，按低空常态监测默认归入日常巡防","低","LA-2025-0067","山西","保德","保德县 无人机反制设备 采购 中标公告","侦测反制装备","中标/成交结果","是","公开信息未披露","公开信息未披露","","公开信息未披露","2025年12月18日","2025","B-公开转载/行业平台","待复核","https://sxs.bidcenter.com.cn/zbcontent-395864964-4.html","保德县 无人机反制设备 采购 中标公告 -山西招标网 2025年12月18日 - 二、项目名称:保 (略) 无人机 反制设备采购.保德***安局[登陆后查看] 中标 单位 .序号 标项名称 标的名称 品牌 规格型号 数量 单价 1 保 (略) 无人机 反制... sxs.bidcenter.com.cn 反馈","继承原库并规则复核","无人机反制设备","侦测反制装备/设备","无人机反制设备：公开信息未披露","公开信息未披露","公开信息未披露","仅项目级推断","项目名称/证据摘要关键词抽取；公开信息未见数量","数量仅在公告/证据明确披露时填写；未披露的不按金额或经验倒推"
"日常巡防需求","无明显兼具类别","硬件设备/装备","含公安巡防/常态监管关键词","高","LA-2025-0068","山西","介休","介休市公安局 无人机 及 无人机反制 设备采购( 中标公告","侦测反制装备","中标/成交结果","是","介休市公安局","公开信息未披露","","公开信息未披露","2025年7月16日","2025","B-公开转载/行业平台","较完整","https://shanxi.bidizhaobiao.com/info-651819174.html","介休市公安局 无人机 及 无人机反制 设备采购( 中标公告 )-山西招标网 2025年7月16日 - 序号 标项 名称 标的 名称 品牌 规格型号 数量 单价 1 介休市公安局 无人机 及无人机反制设备采购 介休市公安局 无人机 及无人机反制设备采购 详见附件报价... shanxi.bidizhaobiao.com 反馈","继承原库并规则复核","无人机反制设备","侦测反制装备/设备","无人机反制设备：公开信息未披露","公开信息未披露","公开信息未披露","仅项目级推断","项目名称/证据摘要关键词抽取；公开信息未见数量","数量仅在公告/证据明确披露时填写；未披露的不按金额或经验倒推"
"日常巡防需求","无明显兼具类别","硬件设备/装备","含公安巡防/常态监管关键词","高","LA-2025-0069","山西","太原","保德县公安局无人机反制设备采购结果公告","侦测反制装备","中标/成交结果","是","保德县公安局","41.7000 万元","41.7","公开信息未披露","2025年12月17日","2025","A-官方公告/公共资源","较完整","http://www.ccgp.gov.cn/cggg/dfgg/zbgg/202512/t20251217_25943334.htm","保德县公安局 无人机反制设备 采购结果 公告 2025年12月17日 - 二、项目名称:保德县公安局 无人机反制设备 采购.序号 供应商名称 供应商地址 中标 (成交)金额 评审总得分 1 太原市鸿台科技有限公司 南内环98-2... www.ccgp.gov.cn 反馈","继承原库并规则复核","无人机反制设备","侦测反制装备/设备","无人机反制设备：公开信息未披露","公开信息未披露","公开信息未披露","仅项目级推断","项目名称/证据摘要关键词抽取；公开信息未见数量","数量仅在公告/证据明确披露时填写；未披露的不按金额或经验倒推"
"日常巡防需求","无明显兼具类别","软硬件综合/系统平台","未命中特定场景，按低空常态监测默认归入日常巡防","低","LA-2025-0070","山西","太原","太原市晋阳公寓 无人机反制系统 二次合同 公告","侦测反制系统/平台","合同公告","是","公开信息未披露","公开信息未披露","","公开信息未披露","2025年9月19日","2025","B-公开转载/行业平台","待复核","https://sxs.bidcenter.com.cn/zbcontent-380003709-4.html","太原市晋阳公寓 无人机反制系统 二次合同 公告 -山西招标网 2025年9月19日 - 晋阳公寓 无人机 合同.pdf晋阳公寓 无人机 反制系统(二次)合同(11N*2).pdf查看更多 中标 单位:.二、合同名称:晋阳公寓 无人机 反制系统(二次)合同... sxs.bidcenter.com.cn 反馈","继承原库并规则复核","无人机反制系统","系统平台/管控软件","无人机反制系统：公开信息未披露","公开信息未披露","公开信息未披露","仅项目级推断","项目名称/证据摘要关键词抽取；公开信息未见数量","数量仅在公告/证据明确披露时填写；未披露的不按金额或经验倒推"
"重大活动保障需求","敏感目标防护需求；日常巡防需求","服务/租赁/咨询","含赛事/活动/安保保障/阵地租赁关键词；含公安巡防/常态监管关键词","高","LA-2023-0071","陕西","延安","延安市公安局采购无人机反制枪及租赁无人机反制阵地项目","侦测反制服务/租赁","中标/成交结果","是","延安市公安局","202.0000 万元","202.0","西安宇航者创新科技有限公司","2023-03-17","2023","A-官方公告/公共资源","完整","https://www.ccgp-shaanxi.gov.cn/gpx-bid-file/610601/gpx-bidcore/2023/3/17/8a69c883865ceb1d0186eecd493c4bad.pdf?accessCode=e0771c16fa46abf11b4fd6cbb9a6e929","陕西政府采购PDF披露：采购无人机反制枪及租赁无人机反制阵地，中标供应商西安宇航者创新科技有限公司，中标总价2020000元。","漏检补充；阵地租赁/活动保障能力项目","无人机反制枪；无人机反制阵地租赁","便携/手持反制设备；服务/租赁","无人机反制枪：公开信息未披露；无人机反制阵地租赁：1项服务","公开信息未披露","公开信息未披露","部分明细","项目名称披露设备名称；数量未披露；项目名称披露阵地租赁；按项目服务包口径","数量仅在公告/证据明确披露时填写；未披露的不按金额或经验倒推"
"日常巡防需求","无明显兼具类别","硬件设备/装备","未命中特定场景，按低空常态监测默认归入日常巡防","低","LA-2025-0072","陕西","陕西省","购买 无人机反制设备 ( 中标公告","侦测反制装备","中标/成交结果","是","公开信息未披露","公开信息未披露","","公开信息未披露","2025年12月1日","2025","B-公开转载/行业平台","待复核","https://shaanxi.bidizhaobiao.com/info-717597249.html","购买 无人机反制设备 ( 中标公告 )-陕西招标网 2025年12月1日 - 供应商对预 中标 (成交)结果如有异议,应当自本公示期限内以书面形式向我部提出质疑。.项目所在地:陕西省 项目类别:物资 采购方式:询价 我部对购买 无人机 ... shaanxi.bidizhaobiao.com 反馈","继承原库并规则复核","无人机反制设备","侦测反制装备/设备","无人机反制设备：公开信息未披露","公开信息未披露","公开信息未披露","仅项目级推断","项目名称/证据摘要关键词抽取；公开信息未见数量","数量仅在公告/证据明确披露时填写；未披露的不按金额或经验倒推"
"日常巡防需求","无明显兼具类别","服务/租赁/咨询","含公安巡防/常态监管关键词","高","LA-2025-0073","陕西","石泉","石泉县公安局无人机反制设备采购项目中标（成交）结果公告","侦测反制服务/租赁","合同公告","是","石泉县公安局","16.8800 万元","16.88","公开信息未披露","2025年09月30日","2025","A-官方公告/公共资源","较完整","http://www.ccgp.gov.cn/cggg/dfgg/cjgg/202509/t20250930_25447729.htm","石泉县公安局 无人机反制设备 采购项目 中标 (成交)结果 公告 2025年9月30日 - 合同包号 合同包名称 代理服务费金额(万元) 收取对象 1 石泉县公安局 无人机反制设备 采购项目 0.3 中标 (成交)供应商 七、 公告 期限.石泉县公安局无... www.ccgp.gov.cn 反馈","继承原库并规则复核","无人机反制设备","侦测反制装备/设备","无人机反制设备：公开信息未披露","公开信息未披露","公开信息未披露","仅项目级推断","项目名称/证据摘要关键词抽取；公开信息未见数量","数量仅在公告/证据明确披露时填写；未披露的不按金额或经验倒推"
"日常巡防需求","无明显兼具类别","硬件设备/装备","未命中特定场景，按低空常态监测默认归入日常巡防","低","LA-2025-0074","陕西","未识别","无人机反制设备采购结果公告（2025-JKFDLB-W3023）","侦测反制装备","中标/成交结果","是","公开信息未披露","26.4900 万元","26.49","天津云翔无人机科技有限公司","2025年12月17日","2025","B-公开转载/行业平台","待复核","https://www.zhiliaobiaoxun.com/detail/495198984b24e40eaabd.html","公开转载结果公告显示：项目名称为无人机反制设备采购，项目编号2025-JKFDLB-W3023，第一名天津云翔无人机科技有限公司，最终报价264900元。","修正：原省内城市区域误取供应商所在地“天津”，改为未识别；补入公开摘要披露的第一名供应商和报价","无人机反制设备","侦测反制装备/设备","无人机反制设备：公开信息未披露","公开信息未披露","公开信息未披露","仅项目级推断","项目名称/证据摘要关键词抽取；公开信息未见数量","数量仅在公告/证据明确披露时填写；未披露的不按金额或经验倒推"
"敏感目标防护需求","日常巡防需求","硬件设备/装备","含公安巡防/常态监管关键词","高","LA-2025-0075","陕西","铜川","铜川市公安局无人机反制设备采购项目","侦测反制装备","合同公告","是","铜川市公安局","公开信息未披露","","北京历正科技有限责任公司","2025-11-27","2025","A-官方公告/公共资源","较完整","https://www.ccgp-shaanxi.gov.cn/gpx-bid-file/ZF_JGBM_000003/610201/2025/11/27/8a69c6d69aa4903f019abde646f72230/gpx-bidconfirm/8a69c5549a644c2c019b347948ff3a9a.pdf?accessCode=4866108c672b419e9b624d67ca946cd0","陕西政府采购合同/结果附件披露：铜川市公安局无人机反制设备采购项目，供应商北京历正科技有限责任公司。","人工核验补充","无人机反制设备","侦测反制装备/设备","无人机反制设备：公开信息未披露","公开信息未披露","公开信息未披露","仅项目级推断","项目名称/证据摘要关键词抽取；公开信息未见数量","数量仅在公告/证据明确披露时填写；未披露的不按金额或经验倒推"
"日常巡防需求","无明显兼具类别","硬件设备/装备","未命中特定场景，按低空常态监测默认归入日常巡防","高","LA-2025-0076","陕西","未识别","无人机反制 设备项目( 中标公告","侦测反制装备","中标/成交结果","是","公开信息未披露","38800.00 (元)","","北京中宇万通科技股份有限公司","2025年12月1日","2025","B-公开转载/行业平台","较完整","https://shaanxi.bidizhaobiao.com/info-729987342.html","无人机反制 设备项目( 中标公告 )-陕西招标网 2025年12月1日 - 五、预 中标 (成交) 供应商 :.第一名:北京中宇万通科技股份有限公司 ,报价形式:总价 ,报价 金额 :38800.00 (元) ;. 供应商 对预中标(成交)结果如有异议,应当自... shaanxi.bidizhaobiao.com 反馈","依据项目名/采购人/证据摘要从[北京]校正为[陕西]","无人机侦测反制设备/装备","侦测反制装备/设备","无人机侦测反制设备/装备：公开信息未披露","公开信息未披露","公开信息未披露","仅项目级推断","按项目名称/项目类型推断；具体设备未披露","数量仅在公告/证据明确披露时填写；未披露的不按金额或经验倒推"
"日常巡防需求","无明显兼具类别","硬件设备/装备","未命中特定场景，按低空常态监测默认归入日常巡防","高","LA-2025-0091","未识别","未识别","******","侦测反制装备","中标/成交结果","是","公开信息未披露","186.0000 万元","186","公开信息未披露","2025年09月23日","2025","B-公开转载/行业平台","待复核","https://www.chinamae.com/purchases/567ae03600cb204b61a6bdc2ff593907.html","无人机 及 无人机反制 设备采购项目 中标 (成交)结果公示 2025年9月19日 - 供应商对预 中标 (成交)结果如有异议,应当自本公示期限内以书面形式向我部提出质疑。.我部对 无人机 及 无人机反制 设备采购项目采购项目进行了公开招标采购... www.chinamae.com 反馈","脱敏或转载信息不足，未强行归省；原表北京值已剔除","无人机侦测反制设备/装备","侦测反制装备/设备","无人机侦测反制设备/装备：公开信息未披露","公开信息未披露","公开信息未披露","仅项目级推断","按项目名称/项目类型推断；具体设备未披露","数量仅在公告/证据明确披露时填写；未披露的不按金额或经验倒推"
"敏感目标防护需求","无明显兼具类别","服务/租赁/咨询","含敏感目标或重点设施关键词","高","LA-2026-0078","陕西","西安咸阳","西安咸阳国际机场股份有限公司无人机反制车租赁项目","侦测反制服务/租赁","中标/成交结果","是","西安咸阳国际机场股份有限公司","公开信息未披露","","公开信息未披露","2026年1月5日","2026","B-公开转载/行业平台","较完整","https://www.bidcenter.com.cn/news-398824934-4.html","采招网转载结果公示显示：西安咸阳国际机场股份有限公司无人机反制车租赁项目，发布时间2026年1月5日；公开摘要未披露中标单位和金额。","修正：原承建中标单位字段误入“中国采招网于2026年01月05日发布...”平台发布语，已改为公开信息未披露","无人机反制车","系统平台/管控软件","无人机反制车：公开信息未披露","公开信息未披露","公开信息未披露","仅项目级推断","项目名称/证据摘要关键词抽取；公开信息未见数量","数量仅在公告/证据明确披露时填写；未披露的不按金额或经验倒推"
"重大活动保障需求","敏感目标防护需求；日常巡防需求","服务/租赁/咨询","含赛事/活动/安保保障/阵地租赁关键词；含公安巡防/常态监管关键词","高","LA-2024-0079","上海","青浦","上海市公安局青浦分局无人机反制阵地系统租赁服务","侦测反制服务/租赁","中标/成交结果","是","上海市公安局青浦分局","公开信息未披露","","公开信息未披露","2024-05-10","2024","B-公开转载/行业平台","较完整","https://www.ode119.com/zhaobiao/89312.html","公开转载中标公告披露：上海市公安局青浦分局无人机反制阵地系统租赁服务的中标（成交）结果公告。","漏检补充；阵地租赁/活动保障能力项目，待回溯上海政府采购原文","无人机反制阵地系统租赁服务","服务/租赁","无人机反制阵地系统租赁服务：1项服务","公开信息未披露","公开信息未披露","部分明细","项目名称披露阵地系统租赁服务；具体设备数量未披露","数量仅在公告/证据明确披露时填写；未披露的不按金额或经验倒推"
"重大活动保障需求","敏感目标防护需求；日常巡防需求","服务/租赁/咨询","含赛事/活动/安保保障/阵地租赁关键词；含公安巡防/常态监管关键词","高","LA-2024-0080","上海","长宁","2024年度至2025年度长宁公安分局无人机侦测反制设备租赁项目","侦测反制服务/租赁","中标/成交结果","是","上海市公安局长宁分局","99.0000 万元","99.0","上海新世纪科技有限公司","2024-11-11","2024","A-官方公告/公共资源","完整","https://www.ccgp.gov.cn/cggg/dfgg/cjgg/202411/t20241111_23584081.htm","中国政府采购网成交公告披露：项目编号CTCG0110-2024-4873，总成交金额99万元；服务名称为2024年度至2025年度长宁公安分局无人机侦测反制设备租赁项目，服务期限合同签订后一年。","用户提供官方链接补充；重大活动保障/公安租赁服务打包项目","无人机侦测反制设备租赁服务","服务/租赁","无人机侦测反制设备租赁服务：1项服务","公开信息未披露","公开信息未披露","部分明细","中国政府采购网成交公告主要标的信息；具体设备数量未披露","数量仅在公告/证据明确披露时填写；未披露的不按金额或经验倒推"
"敏感目标防护需求","无明显兼具类别","硬件设备/装备","含敏感目标或重点设施关键词","高","LA-2023-0081","四川","成都","某部无人机反制设备采购中标公告","侦测反制装备","中标/成交结果","是","某部","28.9000 万元","28.9","四川省商投信息技术有限责任公司","2023年12月22日","2023","A-官方公告/公共资源","完整","http://www.ccgp.gov.cn/cggg/zygg/zbgg/202312/t20231222_21326133.htm","某部 无人机反制 设备采购 中标公告 2023年12月22日 - 二、项目 名称 :某部 无人机 反制设备采购. 中标 (成交) 金额 :28.9000000(万元)... www.ccgp.gov.cn 反馈","继承原库并规则复核","无人机反制设备","侦测反制装备/设备","无人机反制设备：公开信息未披露","公开信息未披露","公开信息未披露","仅项目级推断","项目名称/证据摘要关键词抽取；公开信息未见数量","数量仅在公告/证据明确披露时填写；未披露的不按金额或经验倒推"
"日常巡防需求","无明显兼具类别","硬件设备/装备","含公安巡防/常态监管关键词","高","LA-2024-0082","四川","成都","成都市公安局无人机反制装备采购项目（二次）","侦测反制装备","中标/成交结果","是","成都市公安局","607.0000 万元","607.0","成都鸿安泰达科技发展有限公司","2024-10-16","2024","A-官方公告/公共资源","完整","https://ggzyjy.sc.gov.cn/jyxx/002002/002002003/20241016/8a69ce909271d3f20192937b363d1071.html","四川省公共资源交易信息披露：成都市公安局无人机反制装备采购项目（二次），中标金额607万元。","人工核验补充","无人机反制装备","侦测反制装备/设备","无人机反制装备：公开信息未披露","公开信息未披露","公开信息未披露","仅项目级推断","项目名称/证据摘要关键词抽取；公开信息未见数量","数量仅在公告/证据明确披露时填写；未披露的不按金额或经验倒推"
"日常巡防需求","无明显兼具类别","硬件设备/装备","含公安巡防/常态监管关键词","高","LA-2024-0083","四川","绵阳","绵阳市公安局经济技术开发区分局 无人机反制设备中标（成交）结果公告","侦测反制装备","中标/成交结果","是","绵阳市公安局经济技术开发区分局","34.3000 万元","34.3","公开信息未披露","2024年12月03日","2024","A-官方公告/公共资源","较完整","http://www.ccgp.gov.cn/cggg/dfgg/cjgg/202412/t20241203_23775431.htm","绵阳市公安局经济技术开发区分局 无人机反制 设备 中标 (成交)结果 公告 2024年12月3日 - 无人机反制 设备-文件集附件2 .品目号 品目名称 采购标的 品牌 规格型号 数量(单位) 单价(元) A02439900 其他航空器及其配套设备 融合通讯模块 ... www.ccgp.gov.cn 反馈","继承原库并规则复核","无人机反制设备","侦测反制装备/设备","无人机反制设备：公开信息未披露","公开信息未披露","公开信息未披露","仅项目级推断","项目名称/证据摘要关键词抽取；公开信息未见数量","数量仅在公告/证据明确披露时填写；未披露的不按金额或经验倒推"
"重大活动保障需求","敏感目标防护需求；日常巡防需求","服务/租赁/咨询","含赛事/活动/安保保障/阵地租赁关键词；含敏感目标或重点设施关键词","高","LA-2025-0084","四川","成都","成都世运会无人机无线电反制设备管控服务项目","侦测反制服务/租赁","中标/成交结果","是","成都市无线电监测站","114.9000 万元","114.9","天维讯达（四川）科技有限公司","2025-07-10","2025","A-官方公告/公共资源","完整","https://ggzyjy.sc.gov.cn/jyxx/002002/002002003/20250710/8a69cb7697ee71240197f26715345e73.html","四川公共资源交易/四川政府采购中标公告披露：项目编号N5101012025000978，中标金额1,149,000.00元；采购标的为无人机无线电反制设备管控服务，服务范围为完成成都世运会相关工作。","用户提供官方链接补充；公告原文项目名称为“成都世运会无人机无线电反制设备管控服务项目”，以官方公告为准","无人机无线电反制设备管控服务","服务/租赁","无人机无线电反制设备管控服务：1项服务","公开信息未披露","公开信息未披露","部分明细","四川公共资源交易/四川政府采购中标公告主要标的信息；具体设备数量未披露","数量仅在公告/证据明确披露时填写；未披露的不按金额或经验倒推"
"应急处置需求","敏感目标防护需求","软硬件综合/系统平台","含应急/救援/民兵关键词；含敏感目标或重点设施关键词","高","LA-2025-0085","四川","泸州","泸州军分区民兵反无人机排装备器材采购项目","侦测反制系统/平台","中标/成交结果","是","泸州市应急管理局","134.4444 万元","134.4444","成都构玩居游乐设备有限公司","2025-07-29","2025","A-官方公告/公共资源","完整","https://ggzyjy.sc.gov.cn/jyxx/002002/002002003/20250729/8a69ce2d984c25900198500cbd1c06b7.html","四川省公共资源交易信息网：中标金额1344444元，含频谱侦测、固定式反制、察打一体、便携式反制和智能管控平台","按项目地/采购人修正，供应商所在地不参与城市判断","无人机频谱侦测设备；固定式无人机反制设备；察打一体无人机反制设备；便携式察打一体反制设备；手持式无人机反制设备；无人机智能管控平台；终端；无人机1；无人机2；DIY穿越机","侦测探测设备；固定式反制/防御设备；察打一体侦测反制设备；便携/手持反制设备；系统平台/管控软件；配套计算/显示终端；配套无人机/训练靶机","无人机频谱侦测设备：2套；固定式无人机反制设备：2套；察打一体无人机反制设备：1套；便携式察打一体反制设备：2套；手持式无人机反制设备：4套；无人机智能管控平台：1套；终端：3台；无人机1：2台；无人机2：2台；DIY穿越机：2台","无人机频谱侦测设备：An-Wscan-S；固定式无人机反制设备：An-Jam-03G；察打一体无人机反制设备：An-DJS；便携式察打一体反制设备：An-DJ；手持式无人机反制设备：Auav-b01；无人机智能管控平台：AZMS-V1；终端：NF5280M5；无人机1：Mavic 3 Pro；无人机2：Mini 4 Pro；DIY穿越机：定制","无人机频谱侦测设备：安则；固定式无人机反制设备：安则；察打一体无人机反制设备：安则；便携式察打一体反制设备：安则；手持式无人机反制设备：安则；无人机智能管控平台：安则；终端：Inspur 浪潮；无人机1：DJI；无人机2：DJI；DIY穿越机：光烨","明细较完整","四川公共资源交易/四川政府采购中标公告主要标的信息","数量仅在公告/证据明确披露时填写；未披露的不按金额或经验倒推"
"敏感目标防护需求","无明显兼具类别","硬件设备/装备","未命中特定场景，按低空常态监测默认归入日常巡防","低","LA-2023-0086","未识别","未识别","基站式 无人机反制 设备采购项目 中标 结果 公告","侦测反制装备","中标/成交结果","是","公开信息未披露","公开信息未披露","","公开信息未披露","2023年2月10日","2023","A-官方公告/公共资源","待复核","http://www.ccgp.gov.cn/cggg/dfgg/zbgg/202302/t20230210_19438686.htm","基站式 无人机反制 设备采购项目 中标 结果 公告 2023年2月10日 - 二、项目 名称 :基站式 无人机反制 设备.2023年02月10日 16:14 来源:中国政府采购网 【打印】 【显示 公告 概要】... www.ccgp.gov.cn 反馈","脱敏或转载信息不足，未强行归省","无人机侦测反制设备/装备","侦测反制装备/设备","无人机侦测反制设备/装备：公开信息未披露","公开信息未披露","公开信息未披露","仅项目级推断","按项目名称/项目类型推断；具体设备未披露","数量仅在公告/证据明确披露时填写；未披露的不按金额或经验倒推"
"日常巡防需求","无明显兼具类别","硬件设备/装备","未命中特定场景，按低空常态监测默认归入日常巡防","低","LA-2024-0087","未识别","未识别","某单位便携式 无人机反制 枪 成交公告","侦测反制装备","中标/成交结果","是","某单位","公开信息未披露","","公开信息未披露","2024年12月25日","2024","B-公开转载/行业平台","待复核","https://www.bidcenter.com.cn/news-331919403-4.html","某单位便携式 无人机反制 枪 成交公告 -采招网 2024年12月25日 - 序号 供应商 名称 货物 名称 货物品牌 货物型号 货物数量 货物单价(元) 1 (略) 便携式 无人机 反制枪 详见文件 详见文件 详见文件 详见文件 五、评审专家(... www.bidcenter.com.cn 反馈","脱敏或转载信息不足，未强行归省","反制枪","便携/手持反制设备","反制枪：公开信息未披露","公开信息未披露","公开信息未披露","仅项目级推断","项目名称/证据摘要关键词抽取；公开信息未见数量","数量仅在公告/证据明确披露时填写；未披露的不按金额或经验倒推"
"日常巡防需求","无明显兼具类别","硬件设备/装备","含公安巡防/常态监管关键词","低","LA-2024-0088","未识别","未识别","特警大队无人机反制设备采购项目成交公告","侦测反制装备","中标/成交结果","是","公开信息未披露","公开信息未披露","","公开信息未披露","2024年04月08日","2024","B-公开转载/行业平台","待复核","https://www.qianlima.com/bid-412879753.html","特警大队 无人机反制 设备采购项目 成交公告 -千里马招标网 2024年4月8日 - 二、项目 名称 :特警大队 无人机 反制设备采购项目. 成交 金额:832000.00元 大写(捌拾叁万贰仟元整)... www.qianlima.com 反馈","脱敏或转载信息不足，未强行归省；原表北京值已剔除","无人机反制设备","侦测反制装备/设备","无人机反制设备：公开信息未披露","公开信息未披露","公开信息未披露","仅项目级推断","项目名称/证据摘要关键词抽取；公开信息未见数量","数量仅在公告/证据明确披露时填写；未披露的不按金额或经验倒推"
"日常巡防需求","无明显兼具类别","硬件设备/装备","未命中特定场景，按低空常态监测默认归入日常巡防","低","LA-2024-0089","未识别","未识别","无人机反制 设备采购项目中标结果 公告","侦测反制装备","中标/成交结果","是","公开信息未披露","公开信息未披露","","公开信息未披露","2024年12月6日","2024","B-公开转载/行业平台","待复核","https://m.bidcenter.com.cn/news-4-327448124.html","无人机反制 设备采购项目中标结果 公告 -采招网 2024年12月6日 - 二、项目 名称 : (略) (略) 无人机 反制设备采购项目.十、凡对本次 公告 内容提出询问,请按以下方式联系... m.bidcenter.com.cn 反馈","脱敏或转载信息不足，未强行归省","无人机侦测反制设备/装备","侦测反制装备/设备","无人机侦测反制设备/装备：公开信息未披露","公开信息未披露","公开信息未披露","仅项目级推断","按项目名称/项目类型推断；具体设备未披露","数量仅在公告/证据明确披露时填写；未披露的不按金额或经验倒推"
"日常巡防需求","无明显兼具类别","软硬件综合/系统平台","未命中特定场景，按低空常态监测默认归入日常巡防","低","LA-2024-0090","未识别","未识别","无人机反制 设施检测系统项目中标 成交 结果 公告","侦测反制系统/平台","中标/成交结果","是","公开信息未披露","公开信息未披露","","公开信息未披露","2024年7月2日","2024","B-公开转载/行业平台","待复核","https://www.bidcenter.com.cn/news-294800126-4.html","无人机反制 设施检测系统项目中标 成交 结果 公告 -采招网 2024年7月2日 - 二、项目 名称 : 无人机反制 设施检测系统项目.序号 供应商名称 供应商 地址 中标( 成交 ) 金额 评审总得分 1 天维讯达(北京) (略)实兴 (略) 15号楼1至2... www.bidcenter.com.cn 反馈","脱敏或转载信息不足，未强行归省；原表北京值已剔除","无人机侦测反制系统/平台","系统平台/管控软件","无人机侦测反制系统/平台：公开信息未披露","公开信息未披露","公开信息未披露","仅项目级推断","按项目类型推断；具体设备未披露","数量仅在公告/证据明确披露时填写；未披露的不按金额或经验倒推"
"日常巡防需求","无明显兼具类别","硬件设备/装备","未命中特定场景，按低空常态监测默认归入日常巡防","低","LA-2025-0091","未识别","未识别","******","侦测反制装备","中标/成交结果","是","公开信息未披露","186.0000 万元","186","公开信息未披露","2025年09月23日","2025","B-公开转载/行业平台","待复核","https://www.chinamae.com/purchases/567ae03600cb204b61a6bdc2ff593907.html","无人机 及 无人机反制 设备采购项目 中标 (成交)结果公示 2025年9月19日 - 供应商对预 中标 (成交)结果如有异议,应当自本公示期限内以书面形式向我部提出质疑。.我部对 无人机 及 无人机反制 设备采购项目采购项目进行了公开招标采购... www.chinamae.com 反馈","脱敏或转载信息不足，未强行归省；原表北京值已剔除","无人机侦测反制设备/装备","侦测反制装备/设备","无人机侦测反制设备/装备：公开信息未披露","公开信息未披露","公开信息未披露","仅项目级推断","按项目名称/项目类型推断；具体设备未披露","数量仅在公告/证据明确披露时填写；未披露的不按金额或经验倒推"
"敏感目标防护需求","无明显兼具类别","硬件设备/装备","含敏感目标或重点设施关键词","低","LA-2025-0092","未识别","未识别","•某部 无人机反制 装备采购项目 中标 结果 公告","侦测反制装备","中标/成交结果","是","公开信息未披露","公开信息未披露","","公开信息未披露","2025年1月8日","2025","B-公开转载/行业平台","待复核","https://www.zhaobiaoziyuan.com/detail/677e4b19044491747fb1370a.html","•某部 无人机反制 装备采购项目 中标 结果 公告 _招标资源网 2025年1月8日 - 二、项目名称:某部 无人机 反制装备采购项目.招标资源网提供•某部 无人机反制 装备采购项目 中标 结果 公告 的项目详情,进一步了解项目详细信... 货物单价(元... www.zhaobiaoziyuan.com 反馈","脱敏或转载信息不足，未强行归省","无人机侦测反制设备/装备","侦测反制装备/设备","无人机侦测反制设备/装备：公开信息未披露","公开信息未披露","公开信息未披露","仅项目级推断","按项目名称/项目类型推断；具体设备未披露","数量仅在公告/证据明确披露时填写；未披露的不按金额或经验倒推"
"日常巡防需求","无明显兼具类别","硬件设备/装备","未命中特定场景，按低空常态监测默认归入日常巡防","低","LA-2025-0093","未识别","未识别","采购 无人机反制 设备竞价 成交公告","侦测反制装备","中标/成交结果","是","...","公开信息未披露","","公开信息未披露","2025年6月8日","2025","B-公开转载/行业平台","待复核","https://rl.zhaobiao.cn/succeed_v_dfb78bc391885e3ad7dad921b06ddd6a.html","采购 无人机反制 设备竞价 成交公告 -62025060345672978_中标公告_招标网 2025年6月8日 - 部分信息 基本信息 项目 名称 采购 无人机 反制设备 预算总额(元) * 项目编号 * 报价开始时间 ****-**-** **:** 报价截止时间 ****-**-** **:** 采购单位... rl.zhaobiao.cn 反馈","脱敏或转载信息不足，未强行归省","无人机侦测反制设备/装备","侦测反制装备/设备","无人机侦测反制设备/装备：公开信息未披露","公开信息未披露","公开信息未披露","仅项目级推断","按项目名称/项目类型推断；具体设备未披露","数量仅在公告/证据明确披露时填写；未披露的不按金额或经验倒推"
"日常巡防需求","无明显兼具类别","软硬件综合/系统平台","含公安巡防/常态监管关键词","低","LA-2025-0094","未识别","未识别","车载 无人机反制 系统改装 中标公告","侦测反制系统/平台","中标/成交结果","是","公开信息未披露","公开信息未披露","","公开信息未披露","2025年12月3日","2025","B-公开转载/行业平台","待复核","https://www.bidcenter.com.cn/news-393042941-4.html","车载 无人机反制 系统改装 中标公告 -采招网 2025年12月3日 - 货物类 名称 :车载 无人机反制 系统改装.九、凡对本次 公告 内容提出询问,请按以下方式联系... www.bidcenter.com.cn 反馈","脱敏或转载信息不足，未强行归省","无人机侦测反制系统/平台","系统平台/管控软件","无人机侦测反制系统/平台：公开信息未披露","公开信息未披露","公开信息未披露","仅项目级推断","按项目类型推断；具体设备未披露","数量仅在公告/证据明确披露时填写；未披露的不按金额或经验倒推"
"日常巡防需求","无明显兼具类别","硬件设备/装备","未命中特定场景，按低空常态监测默认归入日常巡防","低","LA-2025-0095","未识别","未识别","关于无人机侦测反制设备采购项目","侦测反制装备","中标/成交结果","是","公开信息未披露","公开信息未披露","","公开信息未披露","2025年12月14日","2025","B-公开转载/行业平台","待复核","https://www.zhiliaobiaoxun.com/detail/494886464b2e65eaeaed.html","关于 无人机 侦测 反制 设备采购项目的 成交 结果_中标-知了标讯 2025年12月14日 - 于2025-12-14发布中标 公告 -关于 无人机 侦测 反制 设备采购项目的成交结果,采购 无人机 侦测 反制 设... 序号 成交 供应商名称 成交供应商地址 成交金额 (元) 1 ... www.zhiliaobiaoxun.com 反馈","脱敏或转载信息不足，未强行归省；原表北京值已剔除","无人机侦测反制设备","侦测反制装备/设备","无人机侦测反制设备：公开信息未披露","公开信息未披露","公开信息未披露","仅项目级推断","项目名称/证据摘要关键词抽取；公开信息未见数量","数量仅在公告/证据明确披露时填写；未披露的不按金额或经验倒推"
"敏感目标防护需求","无明显兼具类别","硬件设备/装备","含敏感目标或重点设施关键词","低","LA-2025-0124","云南","未识别","某部无人机反制装备采购项目中标公告","侦测反制装备","中标/成交结果","是","某部","46.3286 万元","46.3286","中国联合网络通信有限公司西双版纳傣族自治州分公司","2025年1月8日","2025","B-公开转载/行业平台","完整","https://yn.zhiliaobiaoxun.com/article/49584401","某部 无人机反制 装备采购项目 中标公告 2025年1月8日 - 无人机反制 装备频谱探测 设备 全频全向干扰 设备 项目地区:云南 西双版纳. 中标 (成交)金额:46.3286000(万元)... yn.zhiliaobiaoxun.com 反馈","依据项目名/采购人/证据摘要从[北京]校正为[云南]","无人机反制装备","侦测探测设备","无人机反制装备：公开信息未披露","公开信息未披露","公开信息未披露","仅项目级推断","项目名称/证据摘要关键词抽取；公开信息未见数量","数量仅在公告/证据明确披露时填写；未披露的不按金额或经验倒推"
"敏感目标防护需求","无明显兼具类别","服务/租赁/咨询","含敏感目标或重点设施关键词","低","LA-2025-0097","未识别","未识别","某部无人机反制系统建设-某部无人机反制系统建设成交结果公告","侦测反制服务/租赁","中标/成交结果","是","公开信息未披露","公开信息未披露","","公开信息未披露","2025年11月12日","2025","B-公开转载/行业平台","待复核","https://www.qianlima.com/bid-552832326.html","某部 无人机反制 系统建设-某部 无人机反制 系统建设 成交 结果 公告 -千里马... 2025年11月12日 - 无人机 反制系统建设 公告 招标详情.三、中标( 成交 )供应商情况 : 1、项目编号:2025-JHDSSS-W1002;2、中标单位 名称 :****;3、中标单位地址:**市**区**庄北... www.qianlima.com 反馈","脱敏或转载信息不足，未强行归省；原表北京值已剔除","无人机反制系统","系统平台/管控软件","无人机反制系统：公开信息未披露","公开信息未披露","公开信息未披露","仅项目级推断","项目名称/证据摘要关键词抽取；公开信息未见数量","数量仅在公告/证据明确披露时填写；未披露的不按金额或经验倒推"
"日常巡防需求","无明显兼具类别","硬件设备/装备","未命中特定场景，按低空常态监测默认归入日常巡防","低","LA-2025-0098","未识别","未识别","无人机反制 设备第二批采购项目 中标 成交结果 公告","侦测反制装备","中标/成交结果","是","公开信息未披露","公开信息未披露","","公开信息未披露","2025年9月17日","2025","B-公开转载/行业平台","待复核","https://www.bidcenter.com.cn/newscontent-379582703-4.html","无人机反制 设备第二批采购项目 中标 成交结果 公告 -采招网 2025年9月17日 - 序号 标项名称 标的名称 品牌 规格型号 数量 单价(元) 1 无人机反制 设备(第二批)采购项目 手持 无人机 侦测设备 锐盾 RD-H2L 4 *.序号 供应商名称 ... www.bidcenter.com.cn 反馈","脱敏或转载信息不足，未强行归省","无人机侦测反制设备/装备","侦测反制装备/设备","无人机侦测反制设备/装备：公开信息未披露","公开信息未披露","公开信息未披露","仅项目级推断","按项目名称/项目类型推断；具体设备未披露","数量仅在公告/证据明确披露时填写；未披露的不按金额或经验倒推"
"日常巡防需求","无明显兼具类别","硬件设备/装备","未命中特定场景，按低空常态监测默认归入日常巡防","低","LA-2025-0099","未识别","未识别","无人机反制器材竞价成交公告","侦测反制装备","中标/成交结果","是","某单位","公开信息未披露","","公开信息未披露","2025年08月14日","2025","B-公开转载/行业平台","待复核","https://www.zhiliaobiaoxun.com/article/73683688","无人机反制 器材竞价 成交公告 2025年8月14日 - 项目 名称 无人机 反制 器材.序号 成交 供应商 名称 成交供应商地址 成交 金额(元).采购单位 某单位 采购单位联系人 经办人 联系方式 公告 结束后显示... www.zhiliaobiaoxun.com 反馈","脱敏或转载信息不足，未强行归省；原表北京值已剔除","无人机反制器材","侦测反制装备/设备","无人机反制器材：公开信息未披露","公开信息未披露","公开信息未披露","仅项目级推断","项目名称/证据摘要关键词抽取；公开信息未见数量","数量仅在公告/证据明确披露时填写；未披露的不按金额或经验倒推"
"日常巡防需求","无明显兼具类别","硬件设备/装备","未命中特定场景，按低空常态监测默认归入日常巡防","低","LA-2025-0100","未识别","未识别","无人机反制枪采购项目","侦测反制装备","中标/成交结果","是","公开信息未披露","公开信息未披露","","公开信息未披露","2025年07月29日","2025","B-公开转载/行业平台","待复核","https://www.qianlima.com/bid-526557419.html","无人机反制 枪采购项目采购结果公示(2025-JHBDDE-W4004)-千里马招标网 2025年7月29日 - 我部对 无人机 反制枪采购项目采购项目进行了询价采购,现就供应商评审排名及预 中标 (成交)结果公示如下:. 无人机 反制枪采购项目招标 公告 (2025-JHBDDE-W400... www.qianlima.com 反馈","脱敏或转载信息不足，未强行归省","无人机反制枪","便携/手持反制设备","无人机反制枪：公开信息未披露","公开信息未披露","公开信息未披露","仅项目级推断","项目名称/证据摘要关键词抽取；公开信息未见数量","数量仅在公告/证据明确披露时填写；未披露的不按金额或经验倒推"
"日常巡防需求","无明显兼具类别","硬件设备/装备","未命中特定场景，按低空常态监测默认归入日常巡防","低","LA-2025-0101","未识别","未识别","无人机反制设备 采购 中标公告","侦测反制装备","中标/成交结果","是","公开信息未披露","公开信息未披露","","公开信息未披露","2025年6月10日","2025","B-公开转载/行业平台","待复核","https://www.bidcenter.com.cn/newscontent-360279871-4.html","无人机反制设备 采购 中标公告 -采招网 2025年6月10日 - 九、凡对本次 公告 内容提出询问,请按以下方式联系。.受业主委托,中国采招网于 2025/6/10 发布 无人机反制设备 采购 中标公告 ;项目简介: 中标结果公告 一、... www.bidcenter.com.cn 反馈","脱敏或转载信息不足，未强行归省","无人机反制设备","侦测反制装备/设备","无人机反制设备：公开信息未披露","公开信息未披露","公开信息未披露","仅项目级推断","项目名称/证据摘要关键词抽取；公开信息未见数量","数量仅在公告/证据明确披露时填写；未披露的不按金额或经验倒推"
"日常巡防需求","无明显兼具类别","软硬件综合/系统平台","未命中特定场景，按低空常态监测默认归入日常巡防","低","LA-2025-0102","未识别","未识别","无人机反制系统 采购( 中标公告","侦测反制系统/平台","中标/成交结果","是","公开信息未披露","公开信息未披露","","公开信息未披露","2025年12月1日","2025","B-公开转载/行业平台","待复核","https://bj.bidizhaobiao.com/info-715431177.html","无人机反制系统 采购( 中标公告 )-北京招标网 2025年12月1日 - 供应商对预 中标 (成交)结果如有异议,应当自本公示期限内以书面形式向我部提出质疑。.项目所在地:北京 项目类别:物资 采购方式:公开招标 我部对 无人机反 ... bj.bidizhaobiao.com 反馈","脱敏或转载信息不足，未强行归省；原表北京值已剔除","无人机反制系统","系统平台/管控软件","无人机反制系统：公开信息未披露","公开信息未披露","公开信息未披露","仅项目级推断","项目名称/证据摘要关键词抽取；公开信息未见数量","数量仅在公告/证据明确披露时填写；未披露的不按金额或经验倒推"
"日常巡防需求","无明显兼具类别","软硬件综合/系统平台","未命中特定场景，按低空常态监测默认归入日常巡防","低","LA-2025-0117","新疆","乌鲁木齐","无人机反制系统采购项目","侦测反制系统/平台","中标/成交结果","是","某单位","28.8000 万元","28.8","新疆乾元商贸有限公司","2025-03-28","2025","A-官方公告/公共资源","完整","https://www.ccgp.gov.cn/cggg/dfgg/zbgg/202503/t20250328_24369730.htm","中国政府采购网中标公告披露：行政区域新疆维吾尔自治区，总中标金额28.8万元，服务名称为无人机探测防御察打一体化平台。","人工核验补充","无人机反制系统","察打一体侦测反制设备","无人机反制系统：公开信息未披露","公开信息未披露","公开信息未披露","仅项目级推断","项目名称/证据摘要关键词抽取；公开信息未见数量","数量仅在公告/证据明确披露时填写；未披露的不按金额或经验倒推"
"日常巡防需求","无明显兼具类别","软硬件综合/系统平台","未命中特定场景，按低空常态监测默认归入日常巡防","低","LA-2026-0104","未识别","未识别","固定式 无人机反制 设备采购竞价 成交公告 竞价公告-采购与招标网(www.... 2026年4月2日","侦测反制系统/平台","中标/成交结果","是","公开信息未披露","公开信息未披露","","公开信息未披露","2026年4月2日","2026","B-公开转载/行业平台","待复核","https://www.chinabidding.cn/zbgs/U-vzrodMB.html","固定式 无人机反制 设备采购竞价 成交公告 竞价公告-采购与招标网(www.... 2026年4月2日 - 项目 名称 :固定式 无人机 反制设备采购. 成交 供应商 名称 、联系地址及 成交 金额:.固定式 无人机 反制设备采购(项目编号:400-006-6655400-006-665506720)采购已... www.chinabidding.cn 反馈","脱敏或转载信息不足，未强行归省","无人机侦测反制系统/平台","系统平台/管控软件","无人机侦测反制系统/平台：公开信息未披露","公开信息未披露","公开信息未披露","仅项目级推断","按项目类型推断；具体设备未披露","数量仅在公告/证据明确披露时填写；未披露的不按金额或经验倒推"
"日常巡防需求","无明显兼具类别","硬件设备/装备","未命中特定场景，按低空常态监测默认归入日常巡防","低","LA-2026-0105","未识别","未识别","无人机 及 无人机反制设备 采购项目 中标公告","侦测反制装备","中标/成交结果","是","公开信息未披露","公开信息未披露","","公开信息未披露","2026年1月27日","2026","B-公开转载/行业平台","待复核","https://www.bidcenter.com.cn/news-403044302-4.html","无人机 及 无人机反制设备 采购项目 中标公告 -采招网 2026年1月27日 - 查看附件 无人机 及无人机 反制 设备采购项目采购文件.docx.通过数据统计分析,按月度提供全国近一年的采购 中标 金额的变化趋势分布情况.二、项目名称: 无人 ... www.bidcenter.com.cn 反馈","脱敏或转载信息不足，未强行归省","无人机反制设备","侦测反制装备/设备","无人机反制设备：公开信息未披露","公开信息未披露","公开信息未披露","仅项目级推断","项目名称/证据摘要关键词抽取；公开信息未见数量","数量仅在公告/证据明确披露时填写；未披露的不按金额或经验倒推"
"日常巡防需求","无明显兼具类别","硬件设备/装备","未命中特定场景，按低空常态监测默认归入日常巡防","低","LA-2026-0106","未识别","未识别","无人机反制 设备采购项目 中标 成交结果 公告","侦测反制装备","中标/成交结果","是","公开信息未披露","公开信息未披露","","公开信息未披露","2026年1月4日","2026","B-公开转载/行业平台","待复核","https://www.bidcenter.com.cn/news-398309565-4.html","无人机反制 设备采购项目 中标 成交结果 公告 -采招网 2026年1月4日 - 品目编号 品目 名称 采购标的 品牌 规格型号 数量(单位) 单价(元) A* A* 无线电 反制 设备 便携式 无人机 察打一体设备 历正 潜盾W-D 1(套) * 五、评审... www.bidcenter.com.cn 反馈","脱敏或转载信息不足，未强行归省","无人机侦测反制设备/装备","侦测反制装备/设备","无人机侦测反制设备/装备：公开信息未披露","公开信息未披露","公开信息未披露","仅项目级推断","按项目名称/项目类型推断；具体设备未披露","数量仅在公告/证据明确披露时填写；未披露的不按金额或经验倒推"
"日常巡防需求","无明显兼具类别","硬件设备/装备","未命中特定场景，按低空常态监测默认归入日常巡防","低","LA-2024-0108","新疆","未识别","无人机反制 设备竞价 成交公告","侦测反制装备","中标/成交结果","是","公开信息未披露","公开信息未披露","","公开信息未披露","2024年9月11日","2024","B-公开转载/行业平台","待复核","https://rl.zhaobiao.cn/succeed_v_630b3f8e3205b4b7bf2a1f67c810efa3.html","无人机反制 设备竞价 成交公告 _招标日历_招标网 2024年9月11日 - 招标编号 62024081023009114 所属地区 新疆维吾尔自治区阿克苏地区发布日期 2024-09-11 截止日期 -- 采购业主 -- 招标公司 -- 联系人 -- 联系方式 -- ... rl.zhaobiao.cn 反馈","修正：原发包采购单位为“--”，规范为公开信息未披露","无人机侦测反制设备/装备","侦测反制装备/设备","无人机侦测反制设备/装备：公开信息未披露","公开信息未披露","公开信息未披露","仅项目级推断","按项目名称/项目类型推断；具体设备未披露","数量仅在公告/证据明确披露时填写；未披露的不按金额或经验倒推"
"日常巡防需求","无明显兼具类别","硬件设备/装备","未命中特定场景，按低空常态监测默认归入日常巡防","低","LA-2024-0108","新疆","未识别","无人机反制 设备竞价 成交公告","侦测反制装备","中标/成交结果","是","公开信息未披露","公开信息未披露","","公开信息未披露","2024年9月11日","2024","B-公开转载/行业平台","待复核","https://rl.zhaobiao.cn/succeed_v_630b3f8e3205b4b7bf2a1f67c810efa3.html","无人机反制 设备竞价 成交公告 _招标日历_招标网 2024年9月11日 - 招标编号 62024081023009114 所属地区 新疆维吾尔自治区阿克苏地区发布日期 2024-09-11 截止日期 -- 采购业主 -- 招标公司 -- 联系人 -- 联系方式 -- ... rl.zhaobiao.cn 反馈","修正：原发包采购单位为“--”，规范为公开信息未披露","无人机侦测反制设备/装备","侦测反制装备/设备","无人机侦测反制设备/装备：公开信息未披露","公开信息未披露","公开信息未披露","仅项目级推断","按项目名称/项目类型推断；具体设备未披露","数量仅在公告/证据明确披露时填写；未披露的不按金额或经验倒推"
"日常巡防需求","无明显兼具类别","硬件设备/装备","含公安巡防/常态监管关键词","高","LA-2024-0109","新疆","乌什","乌什县公安局购买无人机反制装备采购项目（二次）","侦测反制装备","合同公告","是","乌什县公安局","公开信息未披露","","公开信息未披露","2024年9月27日","2024","B-公开转载/行业平台","较完整","https://xinjiang.zhaobiao.cn/succeed_v_100563878.html","公开转载合同/结果摘要显示：乌什县公安局购买无人机反制装备采购项目（二次），公告日期2024年9月27日。","修正：原发包采购单位字段误入项目标题和转载摘要，按明确采购主体更正","无人机反制装备","侦测反制装备/设备","无人机反制装备：公开信息未披露","公开信息未披露","公开信息未披露","仅项目级推断","项目名称/证据摘要关键词抽取；公开信息未见数量","数量仅在公告/证据明确披露时填写；未披露的不按金额或经验倒推"
"日常巡防需求","无明显兼具类别","软硬件综合/系统平台","未命中特定场景，按低空常态监测默认归入日常巡防","高","LA-2024-0110","新疆","新疆维吾尔自治区","某单位无人机反制系统采购项目中标公告","侦测反制系统/平台","中标/成交结果","是","某单位","32.8000 万元","32.8","星际控股集团有限公司","2024年05月28日","2024","A-官方公告/公共资源","完整","http://www.ccgp.gov.cn/cggg/dfgg/zbgg/202405/t20240528_22217790.htm","某单位 无人机反制 系统采购项目 中标公告 2024年5月28日 - 序号 供应商名称 货物 名称 货物品牌 货物型号 货物数量 货物单价(元) 1 星际控股集团有限公司 无人机反制 / XJ-HNTD-1、WRJG-SC06 1 328000 ... www.ccgp.gov.cn 反馈","继承原库并规则复核","无人机反制系统","系统平台/管控软件","无人机反制系统：公开信息未披露","公开信息未披露","公开信息未披露","仅项目级推断","项目名称/证据摘要关键词抽取；公开信息未见数量","数量仅在公告/证据明确披露时填写；未披露的不按金额或经验倒推"
"日常巡防需求","无明显兼具类别","硬件设备/装备","未命中特定场景，按低空常态监测默认归入日常巡防","高","LA-2025-0111","新疆","巴音郭楞","无人机反制设备采购竞价成交公告","侦测反制装备","中标/成交结果","是","新疆维吾尔自治区巴音郭楞某单位","公开信息未披露","","新疆轩志信息科技有限公司","2025年02月25日","2025","B-公开转载/行业平台","较完整","https://www.jianyu360.cn/article/bdprivate/BVrMiE7ZXMBZQ4oJCc7NCMKH3FlXU8OWRYgKyMjBwJVeXZ1IApcB%2BA%3D.html","无人机反制 设备采购竞价 成交公告 - 剑鱼标讯 2025年2月25日 - 无人机反制 设备采购竞价 成交公告 ,采购单位:新疆维吾尔自治区巴音郭楞某单位, 成交供应 商 :新疆轩志信息科技有限公司, 公告 日期:2025年02月25日,查看该项... www.jianyu360.cn 反馈","依据项目名/采购人/证据摘要从[北京]校正为[新疆]","无人机反制设备","侦测反制装备/设备","无人机反制设备：公开信息未披露","公开信息未披露","公开信息未披露","仅项目级推断","项目名称/证据摘要关键词抽取；公开信息未见数量","数量仅在公告/证据明确披露时填写；未披露的不按金额或经验倒推"
"园区运营需求","日常巡防需求","硬件设备/装备","含园区/运营/示范基地关键词；含公安巡防/常态监管关键词","高","LA-2025-0112","新疆","昌吉","无人机反制设备（第二批）采购项目中标(成交)结果公告","侦测反制装备","中标/成交结果","是","昌吉回族自治州公安局","158.7800 万元","158.78","公开信息未披露","2025年09月18日","2025","A-官方公告/公共资源","较完整","http://www.ccgp.gov.cn/cggg/dfgg/zbgg/202509/t20250918_25371641.htm","无人机反制设备 (第二批)采购项目 中标 (成交)结果 公告 2025年9月18日 - 二、项目名称: 无人机 反制设备(第二批)采购项目.序号 供应商名称 供应商地址 中标 (成交)金额 评审报价 1 江苏锐盾警用装备制造有限公司 靖江市城南园区... www.ccgp.gov.cn 反馈","继承原库并规则复核","无人机反制设备","侦测反制装备/设备","无人机反制设备：公开信息未披露","公开信息未披露","公开信息未披露","仅项目级推断","项目名称/证据摘要关键词抽取；公开信息未见数量","数量仅在公告/证据明确披露时填写；未披露的不按金额或经验倒推"
"日常巡防需求","无明显兼具类别","软硬件综合/系统平台","未命中特定场景，按低空常态监测默认归入日常巡防","高","LA-2025-0113","新疆","达坂城","达坂城区 无人机反制 系统竞价 成交公告","侦测反制系统/平台","中标/成交结果","是","公开信息未披露","24.3000 万元","24.3","公开信息未披露","2025年5月23日","2025","B-公开转载/行业平台","较完整","https://xj.bidcenter.com.cn/zbcontent-356752206-4.html","达坂城区 无人机反制 系统竞价 成交公告 -新疆招标网 2025年5月23日 - 成交供应 商名称 、联系地址及 成交金额 :.总成交金额:24.3(万元)... xj.bidcenter.com.cn 反馈","继承原库并规则复核","无人机侦测反制系统/平台","系统平台/管控软件","无人机侦测反制系统/平台：公开信息未披露","公开信息未披露","公开信息未披露","仅项目级推断","按项目类型推断；具体设备未披露","数量仅在公告/证据明确披露时填写；未披露的不按金额或经验倒推"
"日常巡防需求","无明显兼具类别","硬件设备/装备","含公安巡防/常态监管关键词","高","LA-2025-0114","新疆","克州","克州GAJ（特警支队）无人机反制侦测相关设备采购项目","侦测反制装备","合同公告","是","克州GAJ（特警支队）","公开信息未披露","","新疆尚维飞创电子科技有限公司","2025年12月1日","2025","B-公开转载/行业平台","较完整","https://xj.bidizhaobiao.com/info-599920271.html","新疆招标网转载合同摘要显示：克州GAJ（特警支队）无人机反制侦测相关设备采购项目合同，供应商为新疆尚维飞创电子科技有限公司。","修正：原发包采购单位字段误入整段合同摘要，保留可识别采购主体和供应商","手持无人机侦测设备","侦测探测设备","手持无人机侦测设备：4套","手持无人机侦测设备：RD-H2L","手持无人机侦测设备：锐盾","部分明细","证据摘要披露“手持无人机侦测设备 锐盾 RD-H2L 4”","数量仅在公告/证据明确披露时填写；未披露的不按金额或经验倒推"
"日常巡防需求","无明显兼具类别","硬件设备/装备","未命中特定场景，按低空常态监测默认归入日常巡防","低","LA-2025-0115","新疆","墨玉","墨玉县某单位 无人机 及 反制 设备二次 中标 结果-采招网 2025年12月17日","侦测反制装备","中标/成交结果","是","公开信息未披露","公开信息未披露","","公开信息未披露","2025年12月17日","2025","B-公开转载/行业平台","待复核","https://www.bidcenter.com.cn/news-396480806-4.html","墨玉县某单位 无人机 及 反制 设备二次 中标 结果-采招网 2025年12月17日 - 二、项目名称: 墨玉县某单位 无人机 及反制设备采购项目(二次).序号 供应商名称 供应商地址 中标 (成交)金额 评审总得分 1 新疆 (略) 新疆乌鲁木 (略) ( ... www.bidcenter.com.cn 反馈","继承原库并规则复核","无人机侦测反制设备/装备","侦测反制装备/设备","无人机侦测反制设备/装备：公开信息未披露","公开信息未披露","公开信息未披露","仅项目级推断","按项目名称/项目类型推断；具体设备未披露","数量仅在公告/证据明确披露时填写；未披露的不按金额或经验倒推"
"园区运营需求","敏感目标防护需求；日常巡防需求","软硬件综合/系统平台","含园区/运营/示范基地关键词；含敏感目标或重点设施关键词","高","LA-2025-0116","新疆","未识别","无人机反制系统及无人机机场式巡逻系统采购项目","侦测反制系统/平台","中标/成交结果","是","兵团第二单位","公开信息未披露","","公开信息未披露","2025年10月30日","2025","B-公开转载/行业平台","较完整","https://www.chinabiddingzb.com/read-670286095.html","公开转载结果页摘要显示：无人机反制系统及无人机机场式巡逻系统采购项目，中标（成交）结果公告，发布时间2025年10月30日，采购主体摘要为兵团第二单位。","修正：原发包采购单位字段误入整段转载摘要，按摘要可识别主体更正；具体单位全称待回溯官方原文","无人机反制系统","系统平台/管控软件","无人机反制系统：公开信息未披露","公开信息未披露","公开信息未披露","仅项目级推断","项目名称/证据摘要关键词抽取；公开信息未见数量","数量仅在公告/证据明确披露时填写；未披露的不按金额或经验倒推"
"敏感目标防护需求","无明显兼具类别","服务/租赁/咨询","未命中特定场景，按低空常态监测默认归入日常巡防","高","LA-2025-0117","新疆","乌鲁木齐","无人机反制系统采购项目","侦测反制系统/平台","中标/成交结果","是","某单位","28.8000 万元","28.8","新疆乾元商贸有限公司","2025-03-28","2025","A-官方公告/公共资源","完整","https://www.ccgp.gov.cn/cggg/dfgg/zbgg/202503/t20250328_24369730.htm","中国政府采购网中标公告披露：行政区域新疆维吾尔自治区，总中标金额28.8万元，服务名称为无人机探测防御察打一体化平台。","人工核验补充","无人机反制系统","察打一体侦测反制设备","无人机反制系统：公开信息未披露","公开信息未披露","公开信息未披露","仅项目级推断","项目名称/证据摘要关键词抽取；公开信息未见数量","数量仅在公告/证据明确披露时填写；未披露的不按金额或经验倒推"
"日常巡防需求","无明显兼具类别","硬件设备/装备","含公安巡防/常态监管关键词","低","LA-2026-0118","新疆","玛纳斯","玛纳斯县GAJ警用无人机反制设备竞价成交公告","侦测反制装备","中标/成交结果","是","公开信息未披露","公开信息未披露","","公开信息未披露","2026年04月10日","2026","B-公开转载/行业平台","待复核","https://www.qianlima.com/bid-588543827.html","玛纳斯县GAJ警用 无人机反制 设备竞价 成交公告 -千里马招标网 2026年4月10日 - 警用 无人机 反制公告招标详情. 成交 供应商 名称 、联系地址及 成交 金额:.项目 名称 :**县GAJ警用 无人机 反制设备... www.qianlima.com 反馈","依据项目名/采购人/证据摘要从[北京]校正为[新疆]","无人机反制设备","侦测反制装备/设备","无人机反制设备：公开信息未披露","公开信息未披露","公开信息未披露","仅项目级推断","项目名称/证据摘要关键词抽取；公开信息未见数量","数量仅在公告/证据明确披露时填写；未披露的不按金额或经验倒推"
"日常巡防需求","无明显兼具类别","软硬件综合/系统平台","未命中特定场景，按低空常态监测默认归入日常巡防","低","LA-2026-0119","新疆","未识别","无人机反制系统 设备采购项目采购结果公示(2026-JLJFEC-W1001)_ 中标 ... 2026年3月25日","侦测反制系统/平台","中标/成交结果","是","公开信息未披露","公开信息未披露","","公开信息未披露","2026年3月25日","2026","B-公开转载/行业平台","待复核","https://rl.zhaobiao.cn/succeed_v_7ecc2fca91799410860f6baa0ac780d5.html","无人机反制系统 设备采购项目采购结果公示(2026-JLJFEC-W1001)_ 中标 ... 2026年3月25日 - 受业主委托,招标网 中标公告 日历频道于2026年03月25日发布了 无人机反制系统 设备采购项目采购结果公示(2026-JLJFEC-W1001),项目详情:我部对 无人机反制系 ... rl.zhaobiao.cn 反馈","依据项目名/采购人/证据摘要从[未识别]校正为[新疆]","无人机反制系统","系统平台/管控软件","无人机反制系统：公开信息未披露","公开信息未披露","公开信息未披露","仅项目级推断","项目名称/证据摘要关键词抽取；公开信息未见数量","数量仅在公告/证据明确披露时填写；未披露的不按金额或经验倒推"
"敏感目标防护需求","无明显兼具类别","硬件设备/装备","含敏感目标或重点设施关键词","高","LA-2024-0120","云南","未识别","某部无人机反制装备采购项目中标结果公告","侦测反制装备","中标/成交结果","是","某部","公开信息未披露","","中国联合网络通信有限公司西双版纳傣族自治州分公司","2024年12月18日","2024","B-公开转载/行业平台","较完整","https://www.jianyu360.cn/article/bdprivate/BGFMiE8dnNJYQgxNF47NCMKH3FlXU8OWRYgPBk3CgJVQ3R1JwpcCG0%3D.html","某部 无人机反制 装备采购项目 中标 结果 公告 - 剑鱼标讯 2024年12月18日 - 跳过某部 无人机 反制装备采购项目 中标 结果公告.项目名称 某部 无人机 反制装备采购项目 中标 结果公示附件... www.jianyu360.cn 反馈","依据项目名/采购人/证据摘要从[北京]校正为[云南]","无人机反制装备","侦测反制装备/设备","无人机反制装备：公开信息未披露","公开信息未披露","公开信息未披露","仅项目级推断","项目名称/证据摘要关键词抽取；公开信息未见数量","数量仅在公告/证据明确披露时填写；未披露的不按金额或经验倒推"
"日常巡防需求","无明显兼具类别","硬件设备/装备","未命中特定场景，按低空常态监测默认归入日常巡防","高","LA-2025-0121","云南","昆明","昆明市 无人机反制设备 采购项目 中标 结果 公告","侦测反制装备","中标/成交结果","是","(略)","公开信息未披露","","公开信息未披露","2025年10月16日","2025","B-公开转载/行业平台","较完整","https://yn.bidcenter.com.cn/zbcontent-384156006-4.html","昆明市 无人机反制设备 采购项目 中标 结果 公告 -云南招标网 2025年10月16日 - 公告 信息: 采购项目名称 (略) (略) (略) 无人机反制设备 采购项目 品目 采购单位 (略) (略) (略) (略) 域 (略) 公告 时间 2025年10月16日 17:46 评审专... yn.bidcenter.com.cn 反馈","按项目地/采购人修正，供应商所在地不参与归省","无人机反制设备","侦测反制装备/设备","无人机反制设备：公开信息未披露","公开信息未披露","公开信息未披露","仅项目级推断","项目名称/证据摘要关键词抽取；公开信息未见数量","数量仅在公告/证据明确披露时填写；未披露的不按金额或经验倒推"
"日常巡防需求","无明显兼具类别","软硬件综合/系统平台","含公安巡防/常态监管关键词","高","LA-2025-0122","云南","昆明","昆明市公安局西山分局无人机反制设备采购项目中标结果公告","侦测反制系统/平台","中标/成交结果","是","昆明市公安局西山分局","74.6800 万元","74.68","浙江凡双科技股份有限公司","2025年10月16日","2025","A-官方公告/公共资源","完整","http://www.ccgp.gov.cn/cggg/dfgg/zbgg/202510/t20251016_25519531.htm","昆明市公安局西山分局 无人机反制设备 采购项目 中标 结果 公告 2025年10月16日 - 货物类 标段名称:A包:看守所购买 无人机 侦测 反制设备 名称:固定式 无人机反制设备 品牌:凡双科技 规格型号:型号:FS-UAV-DS200R-AB 数量:1套 单... www.ccgp.gov.cn 反馈","按项目地/采购人修正，供应商所在地不参与归省","无人机反制设备","固定式反制/防御设备","无人机反制设备：公开信息未披露","公开信息未披露","公开信息未披露","仅项目级推断","项目名称/证据摘要关键词抽取；公开信息未见数量","数量仅在公告/证据明确披露时填写；未披露的不按金额或经验倒推"
"敏感目标防护需求","无明显兼具类别","硬件设备/装备","含敏感目标或重点设施关键词","高","LA-2025-0123","云南","未识别","某部无人机反制装备采购项目","侦测反制装备","中标/成交结果","是","某部","46.3286 万元","46.3286","中国联合网络通信有限公司西双版纳傣族自治州分公司","2025年1月8日","2025","B-公开转载/行业平台","完整","https://www.163.com/dy/article/JLD42AML05317V0G.html","某部 无人机反制 装备采购项目,华诺星空 中标 |采购人|框架招标项目_网易订阅 2025年1月8日 - 序号 供应商名称 货物名称 货物品牌 货物型号 货物数量 货物单价(元) 1 中国联合网络通信有限公司西双版纳傣族自治州分公司 反 无人机 指控功能;... www.163.com 反馈","修正：原发包采购单位字段误入“网易订阅/框架招标项目”转载栏目名，按项目标题更正为某部","无人机反制装备","侦测反制装备/设备","无人机反制装备：公开信息未披露","公开信息未披露","公开信息未披露","仅项目级推断","项目名称/证据摘要关键词抽取；公开信息未见数量","数量仅在公告/证据明确披露时填写；未披露的不按金额或经验倒推"
"敏感目标防护需求","无明显兼具类别","硬件设备/装备","含敏感目标或重点设施关键词","高","LA-2025-0124","云南","未识别","某部无人机反制装备采购项目中标公告","侦测反制装备","中标/成交结果","是","某部","46.3286 万元","46.3286","中国联合网络通信有限公司西双版纳傣族自治州分公司","2025年1月8日","2025","B-公开转载/行业平台","完整","https://yn.zhiliaobiaoxun.com/article/49584401","某部 无人机反制 装备采购项目 中标公告 2025年1月8日 - 无人机反制 装备频谱探测 设备 全频全向干扰 设备 项目地区:云南 西双版纳. 中标 (成交)金额:46.3286000(万元)... yn.zhiliaobiaoxun.com 反馈","依据项目名/采购人/证据摘要从[北京]校正为[云南]","无人机反制装备","侦测探测设备","无人机反制装备：公开信息未披露","公开信息未披露","公开信息未披露","仅项目级推断","项目名称/证据摘要关键词抽取；公开信息未见数量","数量仅在公告/证据明确披露时填写；未披露的不按金额或经验倒推"
"重大活动保障需求","无明显兼具类别","服务/租赁/咨询","含赛事/活动/安保保障/阵地租赁关键词","高","LA-2023-0125","浙江","杭州","浙江工商大学文体中心亚运手球馆无人机反制预警设备租赁服务","侦测反制服务/租赁","中标/成交结果","是","浙江工商大学","公开信息未披露","","公开信息未披露","2023-05-24","2023","A-官方公告/公共资源","较完整","https://cgzx.zjgsu.edu.cn/4738/list35.psp","浙江工商大学采购中心中标公告列表披露：浙江工商大学文体中心亚运手球馆无人机反制预警设备租赁服务成交结果公告，项目编号0625-23218448。","漏检补充；亚运场馆显性重大活动保障项目，列表页可证实成交公告存在但金额/供应商需继续回溯详情页","无人机反制预警设备租赁服务","服务/租赁","无人机反制预警设备租赁服务：1项服务","公开信息未披露","公开信息未披露","部分明细","项目名称披露租赁服务；具体设备数量未披露","数量仅在公告/证据明确披露时填写；未披露的不按金额或经验倒推"
"日常巡防需求","无明显兼具类别","软硬件综合/系统平台","含公安巡防/常态监管关键词","高","LA-2023-0126","浙江","温州","瑞安市公安局便携式无人机防御反制设备采购项目","侦测反制系统/平台","中标/成交结果","是","瑞安市公安局","102.1000 万元","102.1","中国联合网络通信有限公司温州市分公司","2023-07-17","2023","B-公开转载/行业平台","完整","https://www.fdzb119.com/zhaobiao/70037.html","公开转载：投标总价1021000元，含手提式侦测定位、多用途反制、穿越机反制、便携式侦测反制和管控平台","继承原库并规则复核；专项样本原文为成交/中标结果页","无人机防御反制设备","便携/手持反制设备","无人机防御反制设备：公开信息未披露","公开信息未披露","公开信息未披露","仅项目级推断","项目名称/证据摘要关键词抽取；公开信息未见数量","数量仅在公告/证据明确披露时填写；未披露的不按金额或经验倒推"
"重大活动保障需求","无明显兼具类别","硬件设备/装备","含赛事/活动/安保保障/阵地租赁关键词","高","LA-2023-0127","浙江","温州","温州奥体中心安保专项-无人机反制设备采购项目","侦测反制装备","中标/成交结果","是","温州市龙湾区体育事业发展中心","98.0000 万元","98","中国联合网络通信有限公司温州市分公司","2023-08-21","2023","A-官方公告/公共资源","完整","https://ggzyjy-eweb.wenzhou.gov.cn/art/2023/8/21/art_1229678301_28546.html","温州市公共资源交易网：投标报价980000元，采购人为温州市龙湾区体育事业发展中心","继承原库并规则复核；专项样本原文为成交/中标结果页","无人机反制设备","侦测反制装备/设备","无人机反制设备：公开信息未披露","公开信息未披露","公开信息未披露","仅项目级推断","项目名称/证据摘要关键词抽取；公开信息未见数量","数量仅在公告/证据明确披露时填写；未披露的不按金额或经验倒推"
"日常巡防需求","无明显兼具类别","硬件设备/装备","含公安巡防/常态监管关键词","高","LA-2024-0128","浙江","海盐","海盐县公安局 无人机反制 设备采购项目( 中标公告","侦测反制装备","中标/成交结果","是","海盐县公安局","公开信息未披露","","公开信息未披露","2024年11月20日","2024","B-公开转载/行业平台","较完整","http://zj.bidizhaobiao.com/info-557598739.html","海盐县公安局 无人机反制 设备采购项目( 中标公告 )-浙江招标网 2024年11月20日 - 序号 标项 名称 标的 名称 品牌 数量 单价(元) 规格型号 1 海盐县公安局 无人机 反制设备采购项目 海盐县公安局 无人机 反制设备采购项目 详见附件 1 849000... zj.bidizhaobiao.com 反馈","继承原库并规则复核","无人机侦测反制设备/装备","侦测反制装备/设备","无人机侦测反制设备/装备：公开信息未披露","公开信息未披露","公开信息未披露","仅项目级推断","按项目名称/项目类型推断；具体设备未披露","数量仅在公告/证据明确披露时填写；未披露的不按金额或经验倒推"
"日常巡防需求","无明显兼具类别","硬件设备/装备","含公安巡防/常态监管关键词","高","LA-2024-0129","浙江","绍兴","绍兴市公安局上虞区分局无人机反制设备采购项目（第二次）","侦测反制装备","中标/成交结果","是","绍兴市公安局上虞区分局","50.0000 万元","50","苏州璟鞍科技有限公司","2024-08-08","2024","B-公开转载/行业平台","完整","https://www.fdzb119.com/zhaobiao/111762.html","公开转载：报价500000元，供应商苏州璟鞍科技有限公司","继承原库并规则复核；专项样本原文为成交/中标结果页","无人机反制设备","侦测反制装备/设备","无人机反制设备：公开信息未披露","公开信息未披露","公开信息未披露","仅项目级推断","项目名称/证据摘要关键词抽取；公开信息未见数量","数量仅在公告/证据明确披露时填写；未披露的不按金额或经验倒推"
"日常巡防需求","无明显兼具类别","软硬件综合/系统平台","未命中特定场景，按低空常态监测默认归入日常巡防","高","LA-2024-0130","浙江","舟山","无人机侦测反制设备采购（重新招标）","侦测反制系统/平台","中标/成交结果","是","公开信息未披露","43.5400 万元","43.54","中国电信股份有限公司舟山分公司","2024-11-02","2024","A-官方公告/公共资源","较完整","https://www.zgggzy.com/jieguo/show.php?itemid=30831","公开转载：报价435400元，含低空安全管理平台、无线电侦测设备、定向无线电干扰设备","继承原库并规则复核；专项样本原文为成交/中标结果页","无人机侦测反制设备","侦测探测设备","无人机侦测反制设备：公开信息未披露","公开信息未披露","公开信息未披露","仅项目级推断","项目名称/证据摘要关键词抽取；公开信息未见数量","数量仅在公告/证据明确披露时填写；未披露的不按金额或经验倒推"
"日常巡防需求","无明显兼具类别","软硬件综合/系统平台","未命中特定场景，按低空常态监测默认归入日常巡防","高","LA-2025-0131","浙江","定海","定海区 无人机反制 系统竞价 成交 公告-浙江招标网 2025年3月10日","侦测反制系统/平台","中标/成交结果","是","某单位","公开信息未披露","","公开信息未披露","2025年3月10日","2025","B-公开转载/行业平台","较完整","https://zj.bidcenter.com.cn/zbcontent-351328614-4.html","定海区 无人机反制 系统竞价 成交 公告-浙江招标网 2025年3月10日 - 项目名称 无人机 反制系统 预算总额(元) (略) 项目编号 (略)19 报价开始时间 2025-02-26 12:22 报价截止时间 2025-03-05 18:00 采购单位 某单位 采购单... zj.bidcenter.com.cn 反馈","继承原库并规则复核","无人机侦测反制系统/平台","系统平台/管控软件","无人机侦测反制系统/平台：公开信息未披露","公开信息未披露","公开信息未披露","仅项目级推断","按项目类型推断；具体设备未披露","数量仅在公告/证据明确披露时填写；未披露的不按金额或经验倒推"
"敏感目标防护需求","无明显兼具类别","软硬件综合/系统平台","含敏感目标或重点设施关键词","高","LA-2025-0132","浙江","杭州","浙江警官职业学院监狱无人机探测与反制实训系统建设项目","侦测反制系统/平台","中标/成交结果","是","浙江警官职业学院","公开信息未披露","","公开信息未披露","2025-12-04","2025","A-官方公告/公共资源","较完整","https://www.zjjy.com.cn/info/1068/40874.htm","浙江警官职业学院官网发布监狱无人机探测与反制实训系统建设中标结果公告。","补充检索新增；敏感目标/实训系统类","无人机探测与反制实训系统","系统平台/管控软件","无人机探测与反制实训系统：公开信息未披露","公开信息未披露","公开信息未披露","仅项目级推断","项目名称/证据摘要关键词抽取；公开信息未见数量","数量仅在公告/证据明确披露时填写；未披露的不按金额或经验倒推"
"重大活动保障需求","敏感目标防护需求","硬件设备/装备","含赛事/活动/安保保障/阵地租赁关键词","低","LA-2025-0133","浙江","柯桥","柯桥区 无人机反制设备 采购 中标 成交结果 公告","侦测反制装备","中标/成交结果","是","公开信息未披露","公开信息未披露","","公开信息未披露","2025年11月21日","2025","B-公开转载/行业平台","待复核","https://zj.bidcenter.com.cn/zbcontent-390623194-4.html","柯桥区 无人机反制设备 采购 中标 成交结果 公告 -浙江招标网 2025年11月21日 - 二、项目名称: (略) (略) (略) 无人机 反制设备采购.1.各参加政府采购活动的供应商认为该 中标 /成交结果和采购过程等使自己的权益受到损害的,可以自本 公 ... zj.bidcenter.com.cn 反馈","继承原库并规则复核","无人机反制设备","侦测反制装备/设备","无人机反制设备：公开信息未披露","公开信息未披露","公开信息未披露","仅项目级推断","项目名称/证据摘要关键词抽取；公开信息未见数量","数量仅在公告/证据明确披露时填写；未披露的不按金额或经验倒推"
"敏感目标防护需求","日常巡防需求","服务/租赁/咨询","含敏感目标或重点设施关键词；含公安巡防/常态监管关键词","高","LA-2025-0134","浙江","丽水","丽水市公安局丽水机场低空防御服务项目合同","侦测反制服务/租赁","合同公告","是","丽水市公安局","公开信息未披露","","中国移动通信集团浙江有限公司丽水分公司","2025-12-11","2025","B-公开转载/行业平台","较完整","https://www.bbda.com/bidList/k1295","公开招投标信息披露：丽水机场低空防御服务项目合同，供应商中国移动浙江丽水分公司。","补充检索新增；机场敏感目标类","低空防御服务","系统平台/管控软件","低空防御服务：公开信息未披露","公开信息未披露","公开信息未披露","仅项目级推断","项目名称/证据摘要关键词抽取；公开信息未见数量","数量仅在公告/证据明确披露时填写；未披露的不按金额或经验倒推"
"日常巡防需求","无明显兼具类别","软硬件综合/系统平台","含公安巡防/常态监管关键词","高","LA-2025-0135","浙江","台州","天台县公安局无人机侦测打击系统项目","侦测反制系统/平台","中标/成交结果","是","天台县公安局","164.0000 万元","164","中国移动通信集团浙江有限公司台州分公司","2025-05-26","2025","A-官方公告/公共资源","完整","https://www.zjtt.gov.cn/art/2025/5/26/art_1229796762_59180589.html","天台县公共资源交易中心：报价1640000元，供应商中国移动台州分公司","继承原库并规则复核；专项样本原文为成交/中标结果页","无人机侦测打击系统","系统平台/管控软件","无人机侦测打击系统：公开信息未披露","公开信息未披露","公开信息未披露","仅项目级推断","项目名称/证据摘要关键词抽取；公开信息未见数量","数量仅在公告/证据明确披露时填写；未披露的不按金额或经验倒推"
"日常巡防需求","无明显兼具类别","软硬件综合/系统平台","含公安巡防/常态监管关键词","高","LA-2025-0136","浙江","台州","天台县公安局无人机侦测打击系统项目（第二次）","侦测反制系统/平台","中标/成交结果","是","天台县公安局","203.0312 万元","203.0312","中国联合网络通信有限公司台州市分公司","2025-10-10","2025","A-官方公告/公共资源","完整","https://www.zjtt.gov.cn/art/2025/10/10/art_1229796762_59184273.html","天台县公共资源交易中心：报价2030312元，含历正科技、浙江凡双等设备","继承原库并规则复核；专项样本原文为成交/中标结果页","无人机侦测打击系统","系统平台/管控软件","无人机侦测打击系统：公开信息未披露","公开信息未披露","公开信息未披露","仅项目级推断","项目名称/证据摘要关键词抽取；公开信息未见数量","数量仅在公告/证据明确披露时填写；未披露的不按金额或经验倒推"
"日常巡防需求","无明显兼具类别","软硬件综合/系统平台","未命中特定场景，按低空常态监测默认归入日常巡防","低","LA-2025-0137","浙江","未识别","无人机反制 系统( 中标公告","侦测反制系统/平台","中标/成交结果","是","...","公开信息未披露","","公开信息未披露","2025年3月10日","2025","B-公开转载/行业平台","待复核","https://zj.bidizhaobiao.com/info-599355455.html","无人机反制 系统( 中标公告 )-浙江招标网 2025年3月10日 - 项目 名称 无人机 反制 系统 预算总额(元) 32000 项目编号 62025022634365419 报价开始时间 2025-02-26 12:22 报价截止时间 2025-03-05 18:00 采购单位 ... zj.bidizhaobiao.com 反馈","继承原库并规则复核","无人机侦测反制系统/平台","系统平台/管控软件","无人机侦测反制系统/平台：公开信息未披露","公开信息未披露","公开信息未披露","仅项目级推断","按项目类型推断；具体设备未披露","数量仅在公告/证据明确披露时填写；未披露的不按金额或经验倒推"
"敏感目标防护需求","日常巡防需求","硬件设备/装备","含公安巡防/常态监管关键词","高","LA-2026-0138","浙江","普陀","舟山市公安局普陀区分局无人机低空反制设备采购合同","侦测反制装备","合同公告","是","舟山市公安局普陀区分局","302.2722 万元","302.2722","中国移动通信集团浙江有限公司舟山分公司","2026-01-23","2026","B-公开转载/行业平台","完整","https://www.bbda.com/bidList/k1295","公开招投标聚合页披露：舟山市公安局普陀区分局无人机低空反制设备采购合同，供应商中国移动舟山分公司，合同金额3022722元。","人工核验补充；待回溯浙江政府采购合同原文","无人机低空反制设备","侦测反制装备/设备","无人机低空反制设备：公开信息未披露","公开信息未披露","公开信息未披露","仅项目级推断","项目名称/证据摘要关键词抽取；公开信息未见数量","数量仅在公告/证据明确披露时填写；未披露的不按金额或经验倒推"
"日常巡防需求","无明显兼具类别","服务/租赁/咨询","未命中特定场景，按低空常态监测默认归入日常巡防","高","LA-2026-0139","重庆","南岸","2026年无人机反制设备租赁服务","侦测反制服务/租赁","中标/成交结果","是","公开信息未披露","40.0000 万元","40.0","中虎****公司","2026-02-06","2026","B-公开转载/行业平台","较完整","https://www.falvzhaobiao.com/news-38a5efd5bedc1d00e77ff254b07f2ecb/","公开转载结果信息披露：2026年无人机反制设备租赁服务，项目预算/限价400000元，发布为结果-中标通知。采购人和供应商部分脱敏。","漏检补充；租赁服务高概率打包项目，字段脱敏待复核","无人机反制设备租赁服务","服务/租赁","无人机反制设备租赁服务：1项服务","公开信息未披露","公开信息未披露","部分明细","项目名称披露租赁服务；具体设备数量未披露","数量仅在公告/证据明确披露时填写；未披露的不按金额或经验倒推"
"日常巡防需求","无明显兼具类别","硬件设备/装备","含公安巡防/常态监管关键词","高","LA-2023-0140","陕西","西安","西安市公安局4G无人机侦测反制设备采购项目","侦测反制装备","中标/成交结果","是","西安市公安局（本级）","41.5000 万元","41.5","北京瑞达恩科技股份有限公司","2023-06-09","2023","A-官方公告/公共资源","完整","https://www.ccgp-shaanxi.gov.cn/gpx-bid-file/610101/gpx-bidcore/2023/6/9/8a69c9318844861201889f17dfae3f55.pdf?accessCode=cc4f1dda7e0ed63045957911cd1e5379","陕西省政府采购网中标（成交）结果公告显示：西安市公安局4G无人机侦测反制设备采购项目，北京瑞达恩科技股份有限公司中标，金额41.5万元；主要标的信息为无线电反制设备，品牌瑞达恩，型号RDN-428，数量1项。","竞品驱动补充；直中标案例","无线电反制设备","侦测反制装备/设备","无线电反制设备：1项","无线电反制设备：RDN-428","无线电反制设备：瑞达恩","明细较完整","陕西省政府采购网中标（成交）结果公告主要标的信息","数量仅在公告/证据明确披露时填写；未披露的不按金额或经验倒推"
"敏感目标防护需求","无明显兼具类别","硬件设备/装备","含军队/涉密脱敏单位与反制设备关键词","高","LA-2023-0141","安徽","黄山","反无人机系统设备采购项目","侦测反制装备","中标/成交结果","是","某部","51.0000 万元","51.0","合肥御悟信息科技有限公司","2023-11-10","2023","A-官方公告/公共资源","完整","https://ggzy.huangshan.gov.cn/TPBidder/frame/fui/js/widgets/ewebeditor/uploadfile/20231110155451345.pdf","黄山市公共资源交易中标结果公告披露：反无人机系统设备采购项目，合肥御悟信息科技有限公司中标，金额51万元；主要标的信息为反无人机系统设备，品牌上海特金，型号RF-200M，数量1套。","竞品驱动补充；品牌命中上海特金","反无人机系统设备","侦测反制装备/设备","反无人机系统设备：1套","反无人机系统设备：RF-200M","反无人机系统设备：上海特金","明细较完整","黄山市公共资源交易中标结果公告主要标的信息","数量仅在公告/证据明确披露时填写；未披露的不按金额或经验倒推"
"日常巡防需求","无明显兼具类别","硬件设备/装备","含公安巡防/常态监管关键词","高","LA-2025-0142","宁夏","银川","银川市公安局WRJGZ装备项目","侦测反制装备","中标/成交结果","是","银川市公安局","59.8000 万元","59.8","杰能科世智能安全科技（杭州）有限公司","2025-07-29","2025","A-官方公告/公共资源","完整","https://www.ccgp-ningxia.gov.cn/public/NXGPPNEW/dynamic/contents/SXCGGG/ZHBGG/content.jsp?cid=2013&id=8b80b27b9821ef38019854d615231cb9&sid=1&type=ZB","宁夏政府采购网中标公告显示：银川市公安局WRJGZ装备项目，杰能科世智能安全科技（杭州）有限公司中标，金额59.8万元。","竞品驱动补充；直中标案例","WRJGZ装备","侦测反制装备/设备","WRJGZ装备：1项","WRJGZ装备：详见附件","公开信息未披露","部分明细","宁夏回族自治区政府采购网中标公告披露中标供应商为杰能科世智能安全科技（杭州）有限公司；主要标的信息未细化披露","数量仅在公告/证据明确披露时填写；未披露的不按金额或经验倒推"
"敏感目标防护需求","日常巡防需求","软硬件综合/系统平台","含特种指挥车辆、无人机反制设备和车载反制模块，属于公安综合装备项目","高","LA-2026-0143","内蒙古","林西","林西县公安局特种指挥车辆及无人机反制设备项目","侦测反制系统/平台","中标/成交结果","是","林西县公安局","283.8680 万元","283.868","内蒙古隆昱祥科技有限公司","2026-01-06","2026","A-官方公告/公共资源","完整","https://www.ccgp-neimenggu.gov.cn/gpx-bid-file/ZF_JGBM_000001/150424/2025/12/8/402881e29a8668d8019afbe4c8147e19/gpx-bidconfirm/402881d29b2683a9019b924d25b44e4c.pdf?accessCode=a6f3937094db472eaad9ad6cad006eef","内蒙古政府采购中标（成交）明细披露：林西县公安局特种指挥车辆及无人机反制设备项目，内蒙古隆昱祥科技有限公司中标，总价283.868万元；标的明细中无人机反制设备（一）与（二）制造商为上海特金信息科技有限公司。","竞品驱动补充；品牌命中上海特金","无人机反制设备（一）；无人机反制设备（二）","侦测反制装备/设备","无人机反制设备（一）：1项；无人机反制设备（二）：1项","无人机反制设备（一）：TDD-DCMX1-AB-HEN2A，JM1；无人机反制设备（二）：TDD-DCPX1-AB-HHN1A","无人机反制设备（一）：D2C JM1；无人机反制设备（二）：H1D","明细较完整","内蒙古政府采购中标（成交）明细披露制造商为上海特金信息科技有限公司","数量仅在公告/证据明确披露时填写；未披露的不按金额或经验倒推"
"敏感目标防护需求","无明显兼具类别","硬件设备/装备","机场公安局、侦测反制设备采购和机场敏感目标防护属性","高","LA-2025-0144","安徽","合肥","机场公安局无人机侦测反制设备采购项目","侦测反制装备","中标/成交结果","是","安徽省公安厅机场公安局","96.0000 万元","96.0","杰能科世智能安全科技（杭州）有限公司","2025-10-11","2025","B-公开转载/行业平台","完整","https://yzb.caigou2003.com/detail/1977004058623344640","安徽省政府采购网结果公告披露：项目名称为机场公安局无人机侦测反制设备采购项目，中标供应商为杰能科世智能安全科技（杭州）有限公司；主要标的披露车载无人机侦测解码设备，品牌观曜科技，型号OMAT-AL100。","用户补充的机场公安竞品中标样本；按中标单位为检索主体补入主库","车载无人机侦测解码设备；车载无人机定向反制设备","侦测探测设备；侦测反制装备/设备","车载无人机侦测解码设备：2套；车载无人机定向反制设备：1套","车载无人机侦测解码设备：OMAT-AL100","车载无人机侦测解码设备：观曜科技；车载无人机定向反制设备：观曜科技","明细较完整","安徽省政府采购网中标结果公告主要标的信息披露车载无人机侦测解码设备、品牌和型号；同一结果公告披露车载定向反制设备；具体型号未在公开摘要中完整展开","数量仅在公告/证据明确披露时填写；未披露的不按金额或经验倒推"
"日常巡防需求","无明显兼具类别","软硬件综合/系统平台","低空综合管理服务平台2.0公共安防管理端开发服务，属于城市级低空平台和公共安防运营能力","高","LA-2025-0145","浙江","杭州","杭州市低空综合管理服务平台2.0公共安防管理端开发服务采购项目","侦测反制系统/平台","中标/成交结果","是","杭州低空产业发展有限公司","458.0000 万元","458.0","浙江众合科技股份有限公司","2025-10-14","2025","B-公开转载/行业平台","完整","https://www.anfangzhaobiao.com/qiye/zjzhkjgfyxgs/","众合科技公开中标信息披露：杭州市低空综合管理服务平台2.0公共安防管理端开发服务采购项目，中标金额458万元，中标单位为浙江众合科技股份有限公司。","用户补充的低空平台竞品中标样本；按中标单位为检索主体补入主库","低空综合管理服务平台2.0公共安防管理端开发服务","系统平台/管控软件","低空综合管理服务平台2.0公共安防管理端开发服务：1项服务","公开信息未披露","公开信息未披露","明细较完整","众合科技公开中标信息披露合同金额458万元，项目为平台公共安防管理端开发服务","数量仅在公告/证据明确披露时填写；未披露的不按金额或经验倒推"
"敏感目标防护需求","日常巡防需求","软硬件综合/系统平台","机场公安局敏感目标防护场景，项目标题直接披露系统升级和硬件设备采购","高","LA-2025-0146","甘肃","兰州","甘肃省公安厅机场公安局无人机无源侦测反制系统升级及硬件设备采购项目(二次)","侦测反制系统/平台","中标/成交结果","是","甘肃省公安厅机场公安局","96.0000 万元","96.0","杰能科世智能安全科技（杭州）有限公司","2025-12-17","2025","B-公开转载/行业平台","完整","https://wap.tezhongzhuangbei.com/cjzb_nr_1287056.html","公开中标候选信息披露：项目名称为甘肃省公安厅机场公安局无人机无源侦测反制系统升级及硬件设备采购项目(二次)，中标单位为杰能科世智能安全科技（杭州）有限公司，金额96万元。","用户补充的机场公安竞品中标样本；按中标单位为检索主体补入主库","无人机无源侦测反制系统升级；无人机无源侦测反制硬件设备","系统平台/管控软件；侦测反制装备/设备","无人机无源侦测反制系统升级：1项；无人机无源侦测反制硬件设备：1项","公开信息未披露","公开信息未披露","明细较完整","结果公告标题直接披露系统升级；中标单位为杰能科世智能安全科技（杭州）有限公司；结果公告标题直接披露硬件设备采购；具体设备名在公开摘要中未完整展开","数量仅在公告/证据明确披露时填写；未披露的不按金额或经验倒推"
"园区运营需求","日常巡防需求","软硬件综合/系统平台","兰州新区低空飞行设施设备建设和低空安全监管平台，属于新区/园区级低空基础设施与治理底座","高","LA-2026-0147","甘肃","兰州新区","兰州新区低空飞行设施设备建设项目（低空安全监管平台项目）","侦测反制系统/平台","中标/成交结果","是","兰州新区科技创新发展管理有限公司","566.1600 万元","566.16","杰能科世智能安全科技（杭州）有限公司","2026-03-25","2026","B-公开转载/行业平台","完整","https://www.bbda.com/bidList/k1295","中标候选人公示披露：兰州新区低空飞行设施设备建设项目（低空安全监管平台项目）第二次，第一中标候选人为杰能科世智能安全科技（杭州）有限公司，金额566.16万元。","用户补充的兰州新区竞品中标样本；按中标单位为检索主体补入主库","低空安全监管平台","系统平台/管控软件","低空安全监管平台：1项","公开信息未披露","公开信息未披露","明细较完整","中标候选人公示标题直接披露低空安全监管平台项目；中标单位为杰能科世智能安全科技（杭州）有限公司","数量仅在公告/证据明确披露时填写；未披露的不按金额或经验倒推"
"日常巡防需求","园区运营需求","软硬件综合/系统平台","城市级低空综合管理服务平台和一网统飞运营平台，兼具常态巡防和运营管理属性","高","LA-2025-0148","福建","厦门","厦门低空综合管理服务平台及一网统飞运营平台项目","侦测反制系统/平台","中标/成交结果","是","厦门低空经济管理服务有限公司","1757.1800 万元","1757.18","中科星图股份有限公司、厦门兆翔智能科技有限公司联合体","2025-10-13","2025","B-公开转载/行业平台","完整","https://www.anfangzb.com/view/16400/J7ZW3JkBg7S5K-635DSh.html","中标结果公告披露：厦门低空综合管理服务平台及一网统飞运营平台项目，中标单位为中科星图股份有限公司、厦门兆翔智能科技有限公司联合体，中标价1757.178万元。","用户补充的城市级低空平台竞品中标样本；按中标单位为检索主体补入主库","无人机侦测反制系统/平台","系统平台/管控软件","无人机侦测反制系统/平台：公开信息未披露","公开信息未披露","公开信息未披露","仅项目级推断","按项目类型推断；具体设备未披露","数量仅在公告/证据明确披露时填写；未披露的不按金额或经验倒推"
"日常巡防需求","园区运营需求","软硬件综合/系统平台","区域级低空综合治理应用集成，属于低空平台与基层治理结合项目","高","LA-2025-0149","浙江","杭州临安","临安区低空综合治理应用集成（一期）项目","侦测反制系统/平台","中标/成交结果","是","杭州临安智瀚大数据科技有限公司","739.8800 万元","739.88","浙江众合科技股份有限公司","2025-12-15","2025","B-公开转载/行业平台","完整","https://stock.stockstar.com/RB2025121800016028.shtml","结果公告披露：临安区低空综合治理应用集成（一期）项目，中标单位浙江众合科技股份有限公司，中标金额739.88万元。","用户补充的区域级低空治理竞品中标样本；按中标单位为检索主体补入主库","无人机侦测反制系统/平台","系统平台/管控软件","无人机侦测反制系统/平台：公开信息未披露","公开信息未披露","公开信息未披露","仅项目级推断","按项目类型推断；具体设备未披露","数量仅在公告/证据明确披露时填写；未披露的不按金额或经验倒推"
"日常巡防需求","无明显兼具类别","服务类/软硬件结合","平台型低空治理/警务样本","高","LA-2025-0151","湖北","十堰","十堰市低空综合管理服务平台第一期建设项目","侦测反制系统/平台","中标/成交结果","是","十堰产城融合投资发展集团有限公司","公开信息未披露","","鸢飞科技（上海）有限公司","2025-01-20","2025","A-官方公告/公共资源","较完整","https://www.hbbidcloud.cn/shiyan/jyxx/004005/004005001/20250120/d0905e3d-3bf5-4f55-9d78-409fa4bba3ad.html","湖北省电子招投标交易平台/十堰公共资源交易信息披露：十堰市低空综合管理服务平台第一期建设项目，中标人为鸢飞科技（上海）有限公司。","项目名称深度检索补入；城市级低空综合管理服务平台样本","无人机侦测反制系统/平台","系统平台/管控软件","无人机侦测反制系统/平台：公开信息未披露","公开信息未披露","公开信息未披露","仅项目级推断","按项目类型推断；具体设备未披露","数量仅在公告/证据明确披露时填写；未披露的不按金额或经验倒推"
"日常巡防需求","无明显兼具类别","软硬件综合/系统平台","项目名称深度检索补入","高","LA-2025-0152","西藏","昌都","昌都市公安局采购低空安全反无人机系统项目","侦测反制系统/平台","中标/成交结果","是","昌都市公安局","212.9000 万元","212.9","中国电信集团有限公司昌都分公司","2025-01-29","2025","A-官方公告/公共资源","完整","https://www.ccgp-xizang.gov.cn/freecms/site/xizang/ggxx/info/2025/8a7eb882948a40300194bdc599a22e17.html","西藏自治区政府采购网结果公告披露：昌都市公安局采购低空安全反无人机系统项目，中标单位中国电信集团有限公司昌都分公司，中标金额212.9万元。","项目名称深度检索补入；低空安全反无人机系统直相关样本","无人机侦测反制系统/平台","系统平台/管控软件","无人机侦测反制系统/平台：公开信息未披露","公开信息未披露","公开信息未披露","仅项目级推断","按项目类型推断；具体设备未披露","数量仅在公告/证据明确披露时填写；未披露的不按金额或经验倒推"
"日常巡防需求","无明显兼具类别","服务类/软硬件结合","平台型低空治理/警务样本","高","LA-2025-0153","四川","遂宁","中国铁塔股份有限公司遂宁市分公司2025年低空安全态势感知监管平台服务与无人机监测反制设备采购项目（标段1：平台服务）","侦测反制系统/平台","中标/成交结果","是","中国铁塔股份有限公司遂宁市分公司","公开信息未披露","","四川泰睿通信工程有限公司","2025-12-05","2025","A-官方公告/公共资源","较完整","https://ebid.chinatowercom.cn/zgtt/gggs/003004/20251205/5a590d57-e9d9-47f9-868e-6cb6db3f4e96.html","中国铁塔电子采购平台成交结果公示披露：遂宁市分公司2025年低空安全态势感知监管平台服务与无人机监测反制设备采购项目标段1，成交供应商四川泰睿通信工程有限公司。","项目名称深度检索补入；低空安全态势感知监管平台服务样本","无人机侦测反制系统/平台","系统平台/管控软件","无人机侦测反制系统/平台：公开信息未披露","公开信息未披露","公开信息未披露","仅项目级推断","按项目类型推断；具体设备未披露","数量仅在公告/证据明确披露时填写；未披露的不按金额或经验倒推"
"日常巡防需求","无明显兼具类别","服务类/软硬件结合","平台型低空治理/警务样本","中","LA-2025-0154","四川","遂宁","中国铁塔股份有限公司遂宁市分公司2025年低空安全态势感知监管平台服务与无人机监测反制设备采购项目（标段2：无人机监测反制设备）","侦测反制装备","中标/成交结果","是","中国铁塔股份有限公司遂宁市分公司","公开信息未披露","","公开信息未披露","2025-12-05","2025","B-公开转载/行业平台","较完整","https://www.zchxzb.com/info/202512/7054297.html","公开成交结果公示标题披露：遂宁市分公司2025年低空安全态势感知监管平台服务与无人机监测反制设备采购项目标段2为无人机监测反制设备采购；供应商和金额待回溯官方原文。","项目名称深度检索补入；设备标段供应商字段待进一步核验","无人机侦测反制设备/装备","侦测反制装备/设备","无人机侦测反制设备/装备：公开信息未披露","公开信息未披露","公开信息未披露","仅项目级推断","按项目名称/项目类型推断；具体设备未披露","数量仅在公告/证据明确披露时填写；未披露的不按金额或经验倒推"
"日常巡防需求","无明显兼具类别","软硬件综合/系统平台","平台型低空治理/警务样本","高","LA-2026-0155","内蒙古","鄂尔多斯伊金霍洛旗","伊金霍洛旗公安局低空数字警务设备采购项目","侦测反制系统/平台","中标/成交结果","是","伊金霍洛旗公安局","394.8986 万元","394.8986","公开信息未披露","2026-04-14","2026","A-官方公告/公共资源","较完整","https://www.ccgp-neimenggu.gov.cn/gpx-bid-file/ZF_JGBM_000001/150627/2026/2/19/402881e29f1bab8b019f2a3a764e1b5d/gpx-bidconfirm/402881d2a2e2034d01a329e464d50142.pdf?accessCode=f9e54e286d0c95a3ed97db6c0119d409","内蒙古政府采购中标（成交）明细披露：伊金霍洛旗公安局低空数字警务设备采购项目，中标金额394.8986万元；项目包含公安低空数字警务设备及相关平台/装备。","项目名称深度检索补入；官方PDF中供应商字段需进一步回溯正文确认","无人机侦测反制系统/平台","系统平台/管控软件","无人机侦测反制系统/平台：公开信息未披露","公开信息未披露","公开信息未披露","仅项目级推断","按项目类型推断；具体设备未披露","数量仅在公告/证据明确披露时填写；未披露的不按金额或经验倒推"
"日常巡防需求","无明显兼具类别","软硬件综合/系统平台","平台型低空治理/警务样本","高","LA-2026-0156","内蒙古","鄂尔多斯鄂托克旗","鄂托克旗公安局低空数字警务装备采购项目","侦测反制系统/平台","中标/成交结果","是","鄂托克旗公安局","273.9268 万元","273.9268","内蒙古迅力智能科技有限公司","2026-04-14","2026","A-官方公告/公共资源","完整","https://www.ccgp-neimenggu.gov.cn/gpx-bid-file/ZF_JGBM_000001/150624/2026/2/9/402881e29e8f7417019eef0b02d114dd/gpx-bidconfirm/402881d2a2e2034d01a2ee6ee102015d.pdf?accessCode=8485d3a9c882f5d7750c2e09061f22e3","内蒙古政府采购中标（成交）明细披露：鄂托克旗公安局低空数字警务装备采购项目，内蒙古迅力智能科技有限公司中标，中标金额273.9268万元。","项目名称深度检索补入；公安低空数字警务装备样本","无人机侦测反制系统/平台","系统平台/管控软件","无人机侦测反制系统/平台：公开信息未披露","公开信息未披露","公开信息未披露","仅项目级推断","按项目类型推断；具体设备未披露","数量仅在公告/证据明确披露时填写；未披露的不按金额或经验倒推"
"日常巡防需求","无明显兼具类别","软硬件综合/系统平台","平台型低空治理/警务样本","中","LA-2026-0157","内蒙古","鄂尔多斯准格尔旗","准格尔旗公安低空数字警务项目（2026年采购）","侦测反制系统/平台","中标/成交结果","是","准格尔旗公安局","485.8614 万元","485.8614","鄂尔多斯市低空经济开发有限公司","2026-04-09","2026","A-官方公告/公共资源","较完整","https://www.ccgp.gov.cn/cggg/dfgg/zbgg/202604/t20260409_26380092.htm","公开结果信息披露：准格尔旗公安低空数字警务项目2026年采购，中标供应商鄂尔多斯市低空经济开发有限公司，中标金额485.8614万元；该项目为2025年准格尔旗公安低空数字警务项目后的重新采购样本，需与历史样本分年对照。","项目名称深度检索补入；2026年重新采购样本，替代三维圈弃标后的结果","无人机侦测反制系统/平台","系统平台/管控软件","无人机侦测反制系统/平台：公开信息未披露","公开信息未披露","公开信息未披露","仅项目级推断","按项目类型推断；具体设备未披露","数量仅在公告/证据明确披露时填写；未披露的不按金额或经验倒推"
"日常巡防需求","无明显兼具类别","硬件设备/装备","项目名称深度检索补入","高","LA-2024-0158","江西","南昌","南昌市公安局低空安全及反制设备采购项目","侦测反制装备","中标/成交结果","是","南昌市公安局","124.6600 万元","124.66","江西浩德实业有限公司","2024-09-12","2024","A-官方公告/公共资源","完整","https://ccgp-jiangxi.gov.cn/web/jyxx/002006/002006006/20240912/0ef6daf0-bd09-42e4-b230-ea89b23c316e.html","江西省政府采购网结果公告披露：南昌市公安局低空安全及反制设备采购项目，江西浩德实业有限公司中标，中标金额124.66万元。","项目名称深度检索补入；低空安全及反制设备直相关样本","无人机侦测反制设备/装备","侦测反制装备/设备","无人机侦测反制设备/装备：公开信息未披露","公开信息未披露","公开信息未披露","仅项目级推断","按项目名称/项目类型推断；具体设备未披露","数量仅在公告/证据明确披露时填写；未披露的不按金额或经验倒推"
"敏感目标防护需求","敏感目标防护需求","软硬件综合/系统平台","高优先级敏感目标或场景样本","高","LA-2025-0159","广东","茂名","广东省茂名监狱低空域智能警戒巡防系统采购项目","侦测反制系统/平台","中标/成交结果","是","广东省茂名监狱","425.5200 万元","425.52","中国电信股份有限公司广东分公司","2025-05-22","2025","A-官方公告/公共资源","完整","https://gdgpo.czt.gd.gov.cn/freecms/site/gd/ggxx/info/2025/8a7e6fc396d4b9610196e214d7bf710f.html","广东政府采购智慧云平台结果公告披露：广东省茂名监狱低空域智能警戒巡防系统采购项目，中国电信股份有限公司广东分公司中标，中标金额425.52万元。","项目名称深度检索补入；司法监狱低空域智能警戒巡防系统样本","无人机侦测反制系统/平台","系统平台/管控软件","无人机侦测反制系统/平台：公开信息未披露","公开信息未披露","公开信息未披露","仅项目级推断","按项目类型推断；具体设备未披露","数量仅在公告/证据明确披露时填写；未披露的不按金额或经验倒推"
"日常巡防需求","无明显兼具类别","软硬件综合/系统平台","平台型低空治理/警务样本","高","LA-2025-0160","广东","广州","广东警官学院无人机数智低空警务工程实训教学平台建设项目(二次)","侦测反制系统/平台","中标/成交结果","是","广东警官学院","135.0069 万元","135.0069","广州成至智能机器科技有限公司","2025-03-10","2025","A-官方公告/公共资源","完整","https://gdgpo.czt.gd.gov.cn/freecms/site/gd/ggxx/info/2025/8a7edac09573cf4201957ae65f634c5f.html","广东政府采购智慧云平台结果公告披露：广东警官学院无人机数智低空警务工程实训教学平台建设项目（二次），广州成至智能机器科技有限公司中标，中标金额135.0069万元。","项目名称深度检索补入；低空警务实训平台样本","无人机侦测反制系统/平台","系统平台/管控软件","无人机侦测反制系统/平台：公开信息未披露","公开信息未披露","公开信息未披露","仅项目级推断","按项目类型推断；具体设备未披露","数量仅在公告/证据明确披露时填写；未披露的不按金额或经验倒推"
"日常巡防需求","无明显兼具类别","软硬件综合/系统平台","平台型低空治理/警务样本","高","LA-2025-0161","四川","成都高新","高新公安分局2025年度低空警务实战场景应用建设项目","侦测反制系统/平台","中标/成交结果","是","成都市公安局高新技术产业开发区分局","324.3180 万元","324.318","四川中移通信技术工程有限公司","2025-08-18","2025","A-官方公告/公共资源","完整","https://jy.scltzb.com/html/eltzb/jiaoyixinxi/jieguogonggao/1957344575933603842.html","联投E采在线交易平台结果公告披露：高新公安分局2025年度低空警务实战场景应用建设项目，四川中移通信技术工程有限公司中标，中标金额324.318万元。","项目名称深度检索补入；低空警务实战场景应用样本","无人机侦测反制系统/平台","系统平台/管控软件","无人机侦测反制系统/平台：公开信息未披露","公开信息未披露","公开信息未披露","仅项目级推断","按项目类型推断；具体设备未披露","数量仅在公告/证据明确披露时填写；未披露的不按金额或经验倒推"
"日常巡防需求","无明显兼具类别","服务类/软硬件结合","平台型低空治理/警务样本","中","LA-2025-0162","云南","昆明","昆明市公安局低空安全实战应用平台建设项目","侦测反制系统/平台","中标/成交结果","是","昆明市公安局","114.8000 万元","114.8","公安部第三研究所","2025-12-29","2025","B-公开转载/行业平台","完整","https://www.bbda.com/bidDetail/db58c36bfc33d74cab3babbc5873428a962b7739ded9e70b6b12d688c0f6ad35.html","公开结果信息披露：昆明市公安局低空安全实战应用平台建设项目，公安部第三研究所成交，成交金额114.8万元；服务范围包含无人机安全监管、预警、处置等功能。","项目名称深度检索补入；低空安全实战应用平台样本","无人机侦测反制系统/平台","系统平台/管控软件","无人机侦测反制系统/平台：公开信息未披露","公开信息未披露","公开信息未披露","仅项目级推断","按项目类型推断；具体设备未披露","数量仅在公告/证据明确披露时填写；未披露的不按金额或经验倒推"
"日常巡防需求","无明显兼具类别","服务类/软硬件结合","服务/租赁型样本","中","LA-2026-0163","重庆","江北","重庆市公安局江北区分局所需低空安全防御服务项目","侦测反制服务/租赁","中标/成交结果","是","重庆市公安局江北区分局","67.8000 万元","67.8","重庆晟楠科技有限公司","2026-01-07","2026","B-公开转载/行业平台","完整","https://www.bibenet.com/zfcg33349358.html","公开结果信息披露：重庆市公安局江北区分局所需低空安全防御服务项目，重庆晟楠科技有限公司中标，金额67.8万元；服务含监测发现、识别判断、侵入预警、干扰拦截、落地查人。","项目名称深度检索补入；低空安全防御服务和反制装备服务样本","无人机侦测反制/低空管控服务","服务/租赁","无人机侦测反制/低空管控服务：1项服务","公开信息未披露","公开信息未披露","仅项目级推断","按项目类型推断服务包；具体设备未披露","数量仅在公告/证据明确披露时填写；未披露的不按金额或经验倒推"
"日常巡防需求","无明显兼具类别","服务类/软硬件结合","服务/租赁型样本","中","LA-2025-0164","浙江","杭州临安","杭州市临安区JW无人机低空安全保障服务项目","侦测反制服务/租赁","中标/成交结果","是","杭州市公安局临安区分局","207.6800 万元","207.68","杭州临安数智城市发展有限公司","2025-12-16","2025","B-公开转载/行业平台","完整","https://m.sohu.com/a/965769224_122434053","公开结果信息披露：杭州市临安区JW无人机低空安全保障服务项目，杭州临安数智城市发展有限公司成交，金额207.68万元，服务期一年。","项目名称深度检索补入；公安无人机低空安全保障服务样本","无人机侦测反制/低空管控服务","服务/租赁","无人机侦测反制/低空管控服务：1项服务","公开信息未披露","公开信息未披露","仅项目级推断","按项目类型推断服务包；具体设备未披露","数量仅在公告/证据明确披露时填写；未披露的不按金额或经验倒推"
"日常巡防需求","无明显兼具类别","软硬件综合/系统平台","平台型低空治理/警务样本","中","LA-2025-0165","四川","泸州泸县","泸县“蜀警飞鹰”低空警务建设项目","侦测反制系统/平台","中标/成交结果","是","泸县公安局","69.9510 万元","69.951","四川中移通信技术工程有限公司","2025-12-30","2025","B-公开转载/行业平台","完整","https://sc.zhiliaobiaoxun.com/article/87732199","公开结果信息披露：泸县“蜀警飞鹰”低空警务建设项目，四川中移通信技术工程有限公司成交，金额69.951万元；标的包含无线电侦测设备、无线电干扰设备、低空安全管理平台等。","项目名称深度检索补入；低空警务建设且含侦测/干扰/管理平台","无人机侦测反制系统/平台","系统平台/管控软件","无人机侦测反制系统/平台：公开信息未披露","公开信息未披露","公开信息未披露","仅项目级推断","按项目类型推断；具体设备未披露","数量仅在公告/证据明确披露时填写；未披露的不按金额或经验倒推"
"日常巡防需求","无明显兼具类别","软硬件综合/系统平台","平台型低空治理/警务样本","中","LA-2025-0166","福建","泉州南安","南安市低空空域智能管控系统采购项目","侦测反制系统/平台","中标/成交结果","是","公开信息未披露","公开信息未披露","","中国铁路通信信号股份有限公司","2025-12-26","2025","B-公开转载/企业公告","较完整","https://www.crsc.cn/8961.html","中国通号公开信息披露：成功中标南安市低空空域智能管控系统采购项目；公开页面未披露合同金额和采购人完整名称。","项目名称深度检索补入；低空空域智能管控系统样本，金额待核验","无人机侦测反制系统/平台","系统平台/管控软件","无人机侦测反制系统/平台：公开信息未披露","公开信息未披露","公开信息未披露","仅项目级推断","按项目类型推断；具体设备未披露","数量仅在公告/证据明确披露时填写；未披露的不按金额或经验倒推"
