"项目ID","省份","省内城市区域","项目名称","发包采购单位","承建中标单位","中标公告时间","年份","设备序号","设备名称","设备类型","数量","单位","品牌","规格型号","明细依据","明细置信度","来源链接"
"LA-2024-0001","安徽","池州","安徽铁塔池州市分公司 无人机反制 服务项目(第二次)( 中标公告","安徽铁塔池州市分公司","公开信息未披露","2024年12月3日","2024","1","无人机侦测反制/低空管控服务","服务/租赁","1","项服务","公开信息未披露","公开信息未披露","按项目类型推断服务包；具体设备未披露","低","http://ah.bidizhaobiao.com/info-564361601.html"
"LA-2025-0002","安徽","未识别","无人机反制 设备采购项目( 中标公告","公开信息未披露","安徽中云智能科技有限公司","2025年12月1日","2025","1","无人机侦测反制设备/装备","侦测反制装备/设备","公开信息未披露","公开信息未披露","公开信息未披露","公开信息未披露","按项目名称/项目类型推断；具体设备未披露","低","https://hunan.bidizhaobiao.com/info-750910893.html"
"LA-2026-0003","安徽","黄山","黄山市公安局黄山分局H2LPro手持式无人机探测定位设备采购项目","黄山市公安局黄山分局","公开信息未披露","2026-02-02","2026","1","H2LPro手持式无人机探测定位设备","侦测探测设备","公开信息未披露","公开信息未披露","华诺星空","H2LPro","项目名称与证据摘要披露设备名称/型号","中","https://www.bbda.com/bidList/k1295"
"LA-2026-0004","安徽","宣城","宣城市公安局低空安全管控装备租赁服务采购项目","宣城市公安局","安徽省通航无人机服务有限公司","2026-05-06","2026","1","低空安全管控装备租赁服务","服务/租赁","1","项服务","公开信息未披露","公开信息未披露","成交公告项目名称及需求摘要；具体设备数量未披露","中","https://ggzyjy.xuancheng.gov.cn/xcspfront/zfcg/017001/017001004/20260506/31e1b449-bf7d-4768-b057-13340e9fabcc.html"
"LA-2024-0005","北京","北京","无人机反制 系统 中标 成交结果公示-采招网 2024年2月1日","公开信息未披露","理工全盛(北京)科技有限公司","2024年2月1日","2024","1","无人机侦测反制系统/平台","系统平台/管控软件","公开信息未披露","公开信息未披露","公开信息未披露","公开信息未披露","按项目类型推断；具体设备未披露","低","https://www.bidcenter.com.cn/newscontent-271172616-4.html"
"LA-2025-0006","北京","石景山","无人机领域综合科研专项-无人机学院实验室建设采购项目","公开信息未披露","北京君锋泰业科技有限公司","2025-11-21","2025","1","低空防御管控平台","系统平台/管控软件","公开信息未披露","公开信息未披露","公开信息未披露","公开信息未披露","证据摘要披露设备内容","中","https://www.bbda.com/bidList/k1295"
"LA-2025-0006","北京","石景山","无人机领域综合科研专项-无人机学院实验室建设采购项目","公开信息未披露","北京君锋泰业科技有限公司","2025-11-21","2025","2","无人机管制干扰枪","便携/手持反制设备","公开信息未披露","公开信息未披露","公开信息未披露","公开信息未披露","证据摘要披露设备内容","中","https://www.bbda.com/bidList/k1295"
"LA-2025-0007","福建","未识别","无人机反制 、定位设备采购项目采购结果公示-福建招标网 2025年4月3日","公开信息未披露","公开信息未披露","2025年4月3日","2025","1","无人机侦测反制设备/装备","侦测反制装备/设备","公开信息未披露","公开信息未披露","公开信息未披露","公开信息未披露","按项目名称/项目类型推断；具体设备未披露","低","https://fj.bidcenter.com.cn/zbcontent-347248109-4.html"
"LA-2023-0008","甘肃","兰州","兰州市公安局无人机反制设备购置中标公告","兰州市公安局","公开信息未披露","2023年09月14日","2023","1","无人机反制设备","侦测反制装备/设备","公开信息未披露","公开信息未披露","公开信息未披露","公开信息未披露","项目名称/证据摘要关键词抽取；公开信息未见数量","低","http://www.ccgp.gov.cn/cggg/dfgg/zbgg/202309/t20230914_20704879.htm"
"LA-2025-0009","甘肃","兰州","甘肃煤田地质局综合普查队固定式无人机侦测反制系统中标公告","甘肃煤田地质局综合普查队","兰州未徕同创测绘科技有限公司","2025-11-05","2025","1","无人机侦测反制系统/平台","系统平台/管控软件","公开信息未披露","公开信息未披露","公开信息未披露","公开信息未披露","按项目类型推断；具体设备未披露","低","https://www.bbda.com/bidList/k1295"
"LA-2025-0010","甘肃","未识别","无人机反制 系统采购项目( 中标公告","公开信息未披露","公开信息未披露","2025年12月1日","2025","1","无人机侦测反制系统/平台","系统平台/管控软件","公开信息未披露","公开信息未披露","公开信息未披露","公开信息未披露","按项目类型推断；具体设备未披露","低","https://gs.bidizhaobiao.com/info-752059557.html"
"LA-2024-0011","广东","深圳","福田公安分局 无人机反制 装备和防护装备采购项目 中标公告","深圳市公安局福田分局","公开信息未披露","2024年8月30日","2024","1","无人机侦测反制设备/装备","侦测反制装备/设备","公开信息未披露","公开信息未披露","公开信息未披露","公开信息未披露","按项目名称/项目类型推断；具体设备未披露","低","http://www.ccgp.gov.cn/cggg/dfgg/zbgg/202408/t20240830_23040118.htm"
"LA-2024-0012","广东","未识别","某单位采购无人机反制设备项目","公开信息未披露","公开信息未披露","2024-08-30","2024","1","无人机反制设备","侦测反制装备/设备","公开信息未披露","公开信息未披露","公开信息未披露","公开信息未披露","项目名称/证据摘要关键词抽取；公开信息未见数量","低","https://www.zhiliaobiaoxun.com/detail/448113967b2E1A03245c.html"
"LA-2024-0013","广东","珠海横琴","横琴粤澳深度合作区公安局重大活动安保无人机防控服务政府采购项目","横琴粤澳深度合作区公安局","中国移动通信集团广东有限公司珠海分公司","2024-12-18","2024","1","重大活动安保无人机防控服务","服务/租赁","1","项服务","公开信息未披露","公开信息未披露","政府采购结果公告披露服务项目；具体设备数量未披露","中","https://hengqin.gd.gov.cn/gkmlpt/content/4/4617/post_4617550.html"
"LA-2025-0014","广东","广州","南方电网公司2025年第三批无人机设备及相关附件框架采购项目（固定式无人机主动防御系统、便携式无人机反制装置）","中国南方电网有限责任公司/南方电网供应链集团有限公司","南方电网电力科技股份有限公司","2025-12-09","2025","1","固定式无人机主动防御系统","固定式反制/防御设备","公开信息未披露","框架采购","公开信息未披露","公开信息未披露","南方电网供应链平台标的名称披露","中","https://www.bidding.csg.cn/zbhxrgs/1200396902.jhtml"
"LA-2025-0014","广东","广州","南方电网公司2025年第三批无人机设备及相关附件框架采购项目（固定式无人机主动防御系统、便携式无人机反制装置）","中国南方电网有限责任公司/南方电网供应链集团有限公司","南方电网电力科技股份有限公司","2025-12-09","2025","2","便携式无人机反制装置","便携/手持反制设备","公开信息未披露","框架采购","公开信息未披露","公开信息未披露","南方电网供应链平台标的名称披露","中","https://www.bidding.csg.cn/zbhxrgs/1200396902.jhtml"
"LA-2025-0015","广东","惠州","惠州市公安局大亚湾经济技术开发区分局大亚湾石化区天海地一体化综合防控系统建设项目（第二次）","惠州市公安局大亚湾经济技术开发区分局","公开信息未披露","2025-12-15","2025","1","低空防御雷达显控软件","系统平台/管控软件","公开信息未披露","公开信息未披露","公开信息未披露","公开信息未披露","证据摘要披露标的内容","中","https://www.bbda.com/bidList/k1295"
"LA-2025-0015","广东","惠州","惠州市公安局大亚湾经济技术开发区分局大亚湾石化区天海地一体化综合防控系统建设项目（第二次）","惠州市公安局大亚湾经济技术开发区分局","公开信息未披露","2025-12-15","2025","2","无人机防御察打一体机","察打一体侦测反制设备","公开信息未披露","公开信息未披露","公开信息未披露","公开信息未披露","证据摘要披露标的内容","中","https://www.bbda.com/bidList/k1295"
"LA-2025-0016","广东","江门台山","台山核电低空防御系统相关设备采购成交项目","台山核电合营有限公司/中广核相关单位","中广核数字科技有限公司","2025-12-12","2025","1","低空防御系统","系统平台/管控软件","公开信息未披露","公开信息未披露","公开信息未披露","公开信息未披露","项目名称/证据摘要关键词抽取；公开信息未见数量","低","https://www.bbda.com/bidList/k1295"
"LA-2025-0017","广东","深圳","东部电厂固定式 无人机反制 防御系统设备采购( 中标公告","公开信息未披露","深圳能源集团股份有限公司","2025年12月1日","2025","1","无人机侦测反制系统/平台","系统平台/管控软件","公开信息未披露","公开信息未披露","公开信息未披露","公开信息未披露","按项目类型推断；具体设备未披露","低","https://gd.bidizhaobiao.com/info-723547342.html"
"LA-2025-0018","广东","深圳","龙华分局购置十五运无人机反制设备采购项目","深圳市公安局龙华分局","江门市亿豪警用装备科技有限公司","2025-08-21","2025","1","无人机反制设备","侦测反制装备/设备","公开信息未披露","公开信息未披露","公开信息未披露","公开信息未披露","项目名称/证据摘要关键词抽取；公开信息未见数量","低","https://www.szyd11.com/tender/win/detail?TenderId=16753"
"LA-2026-0019","广东","深圳","深圳市公安局罗湖分局2025年下半年分局无人机及侦测反制设备采购项目（重新招标）","深圳市公安局罗湖分局","中科星图股份有限公司","2026-01-19","2026","1","无人机侦测反制设备/装备","侦测反制装备/设备","公开信息未披露","公开信息未披露","公开信息未披露","公开信息未披露","按项目名称/项目类型推断；具体设备未披露","低","https://www.aamshanghai.com/jiangsu-yancheng-low-drone-bidding.html"
"LA-2025-0020","广西","钦州","钦州市某单位采购 无人机反制设备 ( 中标公告","公开信息未披露","广西正阳科技发展有限公司","2025年12月1日","2025","1","无人机反制设备","侦测反制装备/设备","公开信息未披露","公开信息未披露","公开信息未披露","公开信息未披露","项目名称/证据摘要关键词抽取；公开信息未见数量","低","https://gx.bidizhaobiao.com/info-736635266.html"
"LA-2025-0021","贵州","贵安","无人机反制设备竞价成交公告","贵安新区公安局","公开信息未披露","2025年08月27日","2025","1","无人机反制设备","侦测反制装备/设备","公开信息未披露","公开信息未披露","公开信息未披露","公开信息未披露","项目名称/证据摘要关键词抽取；公开信息未见数量","低","https://www.bid110.com/view/824/y8cc55gBVX3Ep-czWBoe.html"
"LA-2025-0022","贵州","贵阳","贵阳市 无人机反制 设备竞价 成交公告","公开信息未披露","公开信息未披露","2025年8月12日","2025","1","无人机侦测反制设备/装备","侦测反制装备/设备","公开信息未披露","公开信息未披露","公开信息未披露","公开信息未披露","按项目名称/项目类型推断；具体设备未披露","低","https://gz.bidcenter.com.cn/zbcontent-373871343-4.html"
"LA-2025-0023","贵州","黔东南","黔东南州公安局采购无人机及无人机反制设备中标（成交）公告","贵州省黔东南苗族侗族自治州公安局","公开信息未披露","2025年11月7日","2025","1","无人机反制设备","侦测反制装备/设备","公开信息未披露","公开信息未披露","公开信息未披露","公开信息未披露","项目名称/证据摘要关键词抽取；公开信息未见数量","低","https://www.bid110.com/view/461/WMJSXJoBg7S5K-631FlI.html"
"LA-2026-0024","贵州","贵阳","贵阳市公安局无人机反制设备采购项目","贵阳市公安局","公开信息未披露","2026年5月7日","2026","1","无人机反制设备","侦测反制装备/设备","公开信息未披露","公开信息未披露","公开信息未披露","公开信息未披露","项目名称/证据摘要关键词抽取；公开信息未见数量","低","https://www.okcis.cn/20260507-n3-20260507234734360225.html"
"LA-2026-0025","贵州","未识别","无人机反制 系统采购项目 中标 (成交)结果公示 2026年3月24日","公开信息未披露","公开信息未披露","2026年3月24日","2026","1","无人机侦测反制系统/平台","系统平台/管控软件","公开信息未披露","公开信息未披露","公开信息未披露","公开信息未披露","按项目类型推断；具体设备未披露","低","https://www.okcis.cn/20260324-n3-20260324160318206335.html"
"LA-2025-0026","河北","唐山","陡河水库 无人机反制系统 双盲评审公开招标 中标公告","唐山市陡河水库事务中心","公开信息未披露","2025年6月19日","2025","1","无人机反制系统","系统平台/管控软件","公开信息未披露","公开信息未披露","公开信息未披露","公开信息未披露","项目名称/证据摘要关键词抽取；公开信息未见数量","低","https://www.bidcenter.com.cn/news-362127167-4.html"
"LA-2026-0027","河北","秦皇岛","秦皇岛市公安局无人机管控前端系统升级项目","秦皇岛市公安局","中国铁塔股份有限公司秦皇岛市分公司、河北梓墨电子科技有限公司","2026-03-30","2026","1","无人机管控前端系统","系统平台/管控软件","公开信息未披露","公开信息未披露","公开信息未披露","公开信息未披露","项目名称/证据摘要关键词抽取；公开信息未见数量","低","https://www.aamshanghai.com/jiangsu-yancheng-low-drone-bidding.html"
"LA-2024-0028","黑龙江","大兴安岭","大兴安岭边境管理支队 无人机反制 设备采购项目( 中标公告","大兴安岭边境管理支队","公开信息未披露","2024年9月19日","2024","1","无人机侦测反制设备/装备","侦测反制装备/设备","公开信息未披露","公开信息未披露","公开信息未披露","公开信息未披露","按项目名称/项目类型推断；具体设备未披露","低","https://hlj.bidizhaobiao.com/info-532368962.html"
"LA-2024-0029","黑龙江","未识别","某部 无人机反制 系统采购项目( 中标公告","某部","福建灵信信息科技有限公司","2024年12月5日","2024","1","无人机侦测反制系统/平台","系统平台/管控软件","公开信息未披露","公开信息未披露","公开信息未披露","公开信息未披露","按项目类型推断；具体设备未披露","低","https://hlj.bidizhaobiao.com/info-565506186.html"
"LA-2025-0030","黑龙江","丰林","丰林县公安局 无人机反制 装备比价比价采购 成交公告 2025年11月7日","丰林县公安局","公开信息未披露","2025年11月7日","2025","1","无人机侦测反制设备/装备","侦测反制装备/设备","公开信息未披露","公开信息未披露","公开信息未披露","公开信息未披露","按项目名称/项目类型推断；具体设备未披露","低","https://www.jianyu360.cn/nologin/content/ABCY1xrdikFGSg7JGd0dXUJJSQ4QCFjYXx0KTggOSEwXlVwHAFUCXE%3D.html"
"LA-2025-0031","黑龙江","未识别","某部无人机及反制设备采购项目","某部","公开信息未披露","2025年7月31日","2025","1","无人机侦测反制设备/装备","侦测反制装备/设备","公开信息未披露","公开信息未披露","公开信息未披露","公开信息未披露","按项目名称/项目类型推断；具体设备未披露","低","https://hlj.bidcenter.com.cn/zbcontent-370836117-4.html"
"LA-2026-0032","黑龙江","绥化","绥化市公安局无人机与无人机反制设备采购项目","绥化市公安局","黑龙江省铭腾科技有限公司","2026-01-16","2026","1","无人机反制设备","侦测探测设备","公开信息未披露","公开信息未披露","公开信息未披露","公开信息未披露","项目名称/证据摘要关键词抽取；公开信息未见数量","低","https://m.sohu.com/a/976721051_122434053"
"LA-2025-0033","湖北","武汉","武汉东湖新技术开发区分局光谷马拉松无人机反制租赁服务项目","武汉东湖新技术开发区分局","武汉优一硕智能应用科技有限公司","2025-10-20","2025","1","无人机反制租赁服务","侦测反制装备/设备","公开信息未披露","公开信息未披露","公开信息未披露","公开信息未披露","项目名称/证据摘要关键词抽取；公开信息未见数量","低","https://www.bbda.com/bidList/k1295"
"LA-2026-0034","湖南","长沙","长沙市公安局天心分局警保卫大队关于无人机反制服务的竞价竞价成交公告","公开信息未披露","公开信息未披露","2026年01月28日","2026","1","无人机反制服务","侦测反制装备/设备","公开信息未披露","公开信息未披露","公开信息未披露","公开信息未披露","项目名称/证据摘要关键词抽取；公开信息未见数量","低","https://www.chinamae.com/purchases/e6acdaa5c2b53548354b67324ab1c7e8.html"
"LA-2024-0035","吉林","未识别","无人机反制 设备 中标 结果-采招网 2024年5月13日","公开信息未披露","公开信息未披露","2024年5月13日","2024","1","无人机侦测反制设备/装备","侦测反制装备/设备","公开信息未披露","公开信息未披露","公开信息未披露","公开信息未披露","按项目名称/项目类型推断；具体设备未披露","低","https://www.bidcenter.com.cn/newscontent-284812772-4.html"
"LA-2024-0036","江苏","常州","常州市公安局2024年无人机侦测反制设备采购项目","常州市公安局","南京金护警用装备有限公司","2024-07-29","2024","1","无人机侦测反制设备","侦测反制装备/设备","公开信息未披露","公开信息未披露","公开信息未披露","公开信息未披露","项目名称/证据摘要关键词抽取；公开信息未见数量","低","https://zfcg.changzhou.gov.cn/html/ns/class_fscg_zbgg/898718001419495.html"
"LA-2024-0037","江苏","泰州","泰州市公安局巡特警支队无人机侦测反制设备采购项目","泰州市公安局（机关）","广州华警安防科技发展有限公司","2024-09-12","2024","1","固定式无人机侦测反制设备","固定式反制/防御设备","公开信息未披露","公开信息未披露","公开信息未披露","公开信息未披露","项目名称/证据摘要关键词抽取；公开信息未见数量","低","https://czj.taizhou.gov.cn/tzzfcgw/cgxx/sjcgxx/zbcjjggg/cjgg/art/2024/art_b69d7a2834914873a79ded08916bbd97.html"
"LA-2024-0038","江苏","未识别","2024年无人机侦测反制设备采购项目中标公告","公开信息未披露","公开信息未披露","2024-07-29","2024","1","无人机侦测反制设备","侦测反制装备/设备","公开信息未披露","公开信息未披露","公开信息未披露","公开信息未披露","项目名称/证据摘要关键词抽取；公开信息未见数量","低","https://www.zhiliaobiaoxun.com/detail/444740462b2E5CE70DEa.html"
"LA-2024-0039","江苏","未识别","中国电信 中标 结果: 太湖之鹰 无人机 及 反制 设备采购项目 中标公告 _股票... 2024年11月26日","公开信息未披露","公开信息未披露","2024年11月26日","2024","1","无人机侦测反制设备/装备","侦测反制装备/设备","公开信息未披露","公开信息未披露","公开信息未披露","公开信息未披露","按项目名称/项目类型推断；具体设备未披露","低","https://stock.stockstar.com/RB2024112600036112.shtml"
"LA-2024-0040","江苏","无锡","无锡市公安局梁溪分局无人机反制系统采购项目","无锡市公安局梁溪分局","无锡蓝天翱翔智能科技有限公司","2024-11-08","2024","1","无人机反制系统","系统平台/管控软件","公开信息未披露","公开信息未披露","公开信息未披露","公开信息未披露","项目名称/证据摘要关键词抽取；公开信息未见数量","低","https://www.fdzb119.com/zhaobiao/123745.html"
"LA-2025-0041","江苏","连云港","连云港腾云低空智联低空安防试验示范基地无人机反制装置零部件采购项目","连云港腾云低空智联科技有限公司","连云港润飒科技有限公司","2025-11-05","2025","1","无人机反制装置零部件","侦测反制装备/设备","公开信息未披露","公开信息未披露","公开信息未披露","公开信息未披露","项目名称/证据摘要关键词抽取；公开信息未见数量","低","https://www.bbda.com/bidList/k1295"
"LA-2025-0042","江苏","未识别","某单位 无人机反制 设备采购项目(中标 公告","某单位","公开信息未披露","2025年12月1日","2025","1","无人机侦测反制设备/装备","侦测反制装备/设备","公开信息未披露","公开信息未披露","公开信息未披露","公开信息未披露","按项目名称/项目类型推断；具体设备未披露","低","https://js.bidizhaobiao.com/info-747498015.html"
"LA-2025-0043","江苏","未识别","无人机反制 设备(中标 公告","公开信息未披露","江苏中瀚工程项目管理咨询有限公司","2025年12月1日","2025","1","无人机侦测反制/低空管控服务","服务/租赁","1","项服务","公开信息未披露","公开信息未披露","按项目类型推断服务包；具体设备未披露","低","https://js.bidizhaobiao.com/info-527019076.html"
"LA-2025-0044","江苏","未识别","无人机反制 设备采购( 中标公告","公开信息未披露","云上筋斗(南京)科技有限公司","2025年12月1日","2025","1","无人机侦测反制设备/装备","侦测反制装备/设备","公开信息未披露","公开信息未披露","公开信息未披露","公开信息未披露","按项目名称/项目类型推断；具体设备未披露","低","https://shaanxi.bidizhaobiao.com/info-745858052.html"
"LA-2026-0045","江苏","连云港","连云港市公安局车载式无人机反制系统购买中标公告","连云港市公安局","公开信息未披露","2026年4月3日","2026","1","无人机反制系统","系统平台/管控软件","公开信息未披露","公开信息未披露","公开信息未披露","公开信息未披露","项目名称/证据摘要关键词抽取；公开信息未见数量","低","https://www.zhiliaobiaoxun.com/article/95096299"
"LA-2026-0046","江苏","南京","江苏省龙潭监狱无人机反制设备采购项目","江苏省龙潭监狱","南京冠航智能科技有限公司","2026-02-06","2026","1","无人机反制设备","侦测反制装备/设备","公开信息未披露","公开信息未披露","公开信息未披露","公开信息未披露","项目名称/证据摘要关键词抽取；公开信息未见数量","低","https://www.bbda.com/bidList/k1295"
"LA-2025-0047","江西","南昌","南昌市 无人机反制 装备项目采购公告竞价 成交公告","公开信息未披露","公开信息未披露","2025年12月9日","2025","1","无人机侦测反制设备/装备","侦测反制装备/设备","公开信息未披露","公开信息未披露","公开信息未披露","公开信息未披露","按项目名称/项目类型推断；具体设备未披露","低","https://jx.bidcenter.com.cn/zbcontent-394187096-4.html"
"LA-2026-0048","江西","崇仁","崇仁县公安局无人机反制设备采购项目","崇仁县公安局","公开信息未披露","2026年4月1日","2026","1","无人机反制设备","系统平台/管控软件","公开信息未披露","公开信息未披露","公开信息未披露","公开信息未披露","项目名称/证据摘要关键词抽取；公开信息未见数量","低","https://www.ixbang.com/bid/detail/3C831D33919D937FC2E8DA122B0151D4.html"
"LA-2026-0049","江西","南昌","赣江新区公安局无人机侦测预警设备采购项目","赣江新区公安局","鉴真防务技术（上海）有限公司","2026-01-20","2026","1","无人机侦测反制设备/装备","侦测反制装备/设备","公开信息未披露","公开信息未披露","公开信息未披露","公开信息未披露","按项目名称/项目类型推断；具体设备未披露","低","https://www.bbda.com/bidList/k1295"
"LA-2025-0050","辽宁","抚顺","采购无人机反制设备结果公告","抚顺市公安局","安徽金龙泰安安全设备有限公司","2025年8月27日","2025","1","无人机反制设备","侦测反制装备/设备","公开信息未披露","公开信息未披露","公开信息未披露","公开信息未披露","项目名称/证据摘要关键词抽取；公开信息未见数量","低","https://www.bid110.com/view/105/5sd16pgBVX3Ep-cz3XON.html"
"LA-2025-0051","辽宁","未识别","无人机反制 设备采购( 中标公告 )-辽宁招标网 2025年12月1日","公开信息未披露","公开信息未披露","2025年12月1日","2025","1","无人机侦测反制设备/装备","侦测反制装备/设备","公开信息未披露","公开信息未披露","公开信息未披露","公开信息未披露","按项目名称/项目类型推断；具体设备未披露","低","https://ln.bidizhaobiao.com/info-759674880.html"
"LA-2025-0052","辽宁","未识别","无人机反制设备中标公告","公开信息未披露","公开信息未披露","2025年01月17日","2025","1","无人机反制设备","侦测反制装备/设备","公开信息未披露","公开信息未披露","公开信息未披露","公开信息未披露","项目名称/证据摘要关键词抽取；公开信息未见数量","低","https://www.qianlima.com/bid-481110012.html"
"LA-2026-0053","辽宁","沈阳","沈阳铁路公安局无人机反制系统采购项目中标公告","沈阳铁路公安局","北京延创科技有限责任公司","2026年4月3日","2026","1","无人机反制系统","系统平台/管控软件","公开信息未披露","公开信息未披露","公开信息未披露","公开信息未披露","项目名称/证据摘要关键词抽取；公开信息未见数量","低","https://www.zhiliaobiaoxun.com/article/95098321"
"LA-2023-0054","内蒙古","鄂尔多斯","鄂尔多斯市公安局采购无人机侦测反制设备项目","鄂尔多斯市公安局","河北疆来科技有限公司","2023-06-30","2023","1","无人机侦测反制设备","侦测反制装备/设备","公开信息未披露","公开信息未披露","公开信息未披露","公开信息未披露","项目名称/证据摘要关键词抽取；公开信息未见数量","低","https://www.ordosggzyjy.org.cn/TPFront/InfoDetail/?InfoID=48b84f25-1b20-4e52-87f4-e31b90bbd6bb&CategoryNum=005002003"
"LA-2025-0055","内蒙古","呼和浩特","呼和浩特市某单位 无人机反制 设备采购项目 成交公告","公开信息未披露","中科星图慧安科技有限公司","2025年12月15日","2025","1","无人机侦测反制设备/装备","侦测反制装备/设备","公开信息未披露","公开信息未披露","公开信息未披露","公开信息未披露","按项目名称/项目类型推断；具体设备未披露","低","https://www.chinabidding.cn/zbgs/U-vzeIGYx.html"
"LA-2025-0056","内蒙古","康巴什","康巴什区中轴线无人机反制系统建设项目","鄂尔多斯市公安局康巴什分局","中移系统集成有限公司","2025-08-21","2025","1","无人机反制系统","系统平台/管控软件","公开信息未披露","公开信息未披露","公开信息未披露","公开信息未披露","项目名称/证据摘要关键词抽取；公开信息未见数量","低","https://www.zcbx.xyz/index.php?v=show&cid=93&id=654079"
"LA-2025-0057","内蒙古","未识别","某部采购 无人机反制设备 ( 中标公告","某部","公开信息未披露","2025年12月1日","2025","1","无人机反制设备","侦测反制装备/设备","公开信息未披露","公开信息未披露","公开信息未披露","公开信息未披露","项目名称/证据摘要关键词抽取；公开信息未见数量","低","https://nmg.bidizhaobiao.com/info-715218996.html"
"LA-2026-0058","内蒙古","未识别","特种指挥车辆及 无人机反制设备中标 成交结果 公告","公开信息未披露","公开信息未披露","2026年1月6日","2026","1","无人机反制设备","侦测反制装备/设备","公开信息未披露","公开信息未披露","公开信息未披露","公开信息未披露","项目名称/证据摘要关键词抽取；公开信息未见数量","低","https://www.bidcenter.com.cn/news-399071504-4.html"
"LA-2025-0059","宁夏","石嘴山","石嘴山市公安局无人机教培、警务应用及反制项目","石嘴山市公安局","宁夏中宇网安科技有限公司","2025-05-09","2025","1","无人机教培、警务应用及反制项目","系统平台/管控软件","公开信息未披露","公开信息未披露","公开信息未披露","公开信息未披露","项目名称/证据摘要关键词抽取；公开信息未见数量","低","https://www.bbda.com/bidList/k1295"
"LA-2025-0060","青海","未识别","某单位 无人机反制系统 采购( 中标公告","某单位","公开信息未披露","2025年12月1日","2025","1","无人机反制系统","系统平台/管控软件","公开信息未披露","公开信息未披露","公开信息未披露","公开信息未披露","项目名称/证据摘要关键词抽取；公开信息未见数量","低","https://qh.bidizhaobiao.com/info-725700531.html"
"LA-2023-0061","山东","山亭","山亭公安分局无人机反制装备项目","山亭公安分局","公开信息未披露","2023年12月22日","2023","1","无人机反制装备","侦测反制装备/设备","公开信息未披露","公开信息未披露","公开信息未披露","公开信息未披露","项目名称/证据摘要关键词抽取；公开信息未见数量","低","https://m.bidcenter.com.cn/newsrili-4-265755663.html"
"LA-2024-0062","山东","东营","东营机场无人机反制设备采购项目","东营机场","公开信息未披露","2024年12月9日","2024","1","无人机反制设备","侦测反制装备/设备","公开信息未披露","公开信息未披露","公开信息未披露","公开信息未披露","项目名称/证据摘要关键词抽取；公开信息未见数量","低","https://sd.bidizhaobiao.com/info-567616680.html"
"LA-2024-0063","山东","济南","济南市公安局特巡警支队 无人机反制 设备项目 中标公告","济南市公安局特巡警支队","公开信息未披露","2024年7月18日","2024","1","无人机反制设备","侦测反制装备/设备","公开信息未披露","公开信息未披露","公开信息未披露","公开信息未披露","项目名称/证据摘要关键词抽取；公开信息未见数量","低","https://www.bidcenter.com.cn/news-298684773-4.html"
"LA-2024-0064","山东","禹城","禹城市公安局无人机反制设备采购项目","禹城市公安局","山东品美信息科技有限公司","2024年12月6日","2024","1","无人机反制设备","侦测反制装备/设备","公开信息未披露","公开信息未披露","公开信息未披露","公开信息未披露","项目名称/证据摘要关键词抽取；公开信息未见数量","低","https://www.bidcenter.com.cn/news-329016404-4.html"
"LA-2025-0065","山东","未识别","无人机反制 设备采购 中标公告","公开信息未披露","公开信息未披露","2025年6月18日","2025","1","无人机侦测反制系统/平台","系统平台/管控软件","公开信息未披露","公开信息未披露","公开信息未披露","公开信息未披露","按项目类型推断；具体设备未披露","低","https://www.ixbang.com/bid/detail/71B296DEC8E3C114AF9705DA0CA65FAB.html"
"LA-2025-0066","山东","未识别","无人机反制 设备租赁服务( 中标公告","公开信息未披露","公开信息未披露","2025年1月3日","2025","1","无人机侦测反制/低空管控服务","服务/租赁","1","项服务","公开信息未披露","公开信息未披露","按项目类型推断服务包；具体设备未披露","低","https://sd.bidizhaobiao.com/info-579941578.html"
"LA-2025-0067","山西","保德","保德县 无人机反制设备 采购 中标公告","公开信息未披露","公开信息未披露","2025年12月18日","2025","1","无人机反制设备","侦测反制装备/设备","公开信息未披露","公开信息未披露","公开信息未披露","公开信息未披露","项目名称/证据摘要关键词抽取；公开信息未见数量","低","https://sxs.bidcenter.com.cn/zbcontent-395864964-4.html"
"LA-2025-0068","山西","介休","介休市公安局 无人机 及 无人机反制 设备采购( 中标公告","介休市公安局","公开信息未披露","2025年7月16日","2025","1","无人机反制设备","侦测反制装备/设备","公开信息未披露","公开信息未披露","公开信息未披露","公开信息未披露","项目名称/证据摘要关键词抽取；公开信息未见数量","低","https://shanxi.bidizhaobiao.com/info-651819174.html"
"LA-2025-0069","山西","太原","保德县公安局无人机反制设备采购结果公告","保德县公安局","公开信息未披露","2025年12月17日","2025","1","无人机反制设备","侦测反制装备/设备","公开信息未披露","公开信息未披露","公开信息未披露","公开信息未披露","项目名称/证据摘要关键词抽取；公开信息未见数量","低","http://www.ccgp.gov.cn/cggg/dfgg/zbgg/202512/t20251217_25943334.htm"
"LA-2025-0070","山西","太原","太原市晋阳公寓 无人机反制系统 二次合同 公告","公开信息未披露","公开信息未披露","2025年9月19日","2025","1","无人机反制系统","系统平台/管控软件","公开信息未披露","公开信息未披露","公开信息未披露","公开信息未披露","项目名称/证据摘要关键词抽取；公开信息未见数量","低","https://sxs.bidcenter.com.cn/zbcontent-380003709-4.html"
"LA-2023-0071","陕西","延安","延安市公安局采购无人机反制枪及租赁无人机反制阵地项目","延安市公安局","西安宇航者创新科技有限公司","2023-03-17","2023","1","无人机反制枪","便携/手持反制设备","公开信息未披露","公开信息未披露","公开信息未披露","公开信息未披露","项目名称披露设备名称；数量未披露","中","https://www.ccgp-shaanxi.gov.cn/gpx-bid-file/610601/gpx-bidcore/2023/3/17/8a69c883865ceb1d0186eecd493c4bad.pdf?accessCode=e0771c16fa46abf11b4fd6cbb9a6e929"
"LA-2023-0071","陕西","延安","延安市公安局采购无人机反制枪及租赁无人机反制阵地项目","延安市公安局","西安宇航者创新科技有限公司","2023-03-17","2023","2","无人机反制阵地租赁","服务/租赁","1","项服务","公开信息未披露","公开信息未披露","项目名称披露阵地租赁；按项目服务包口径","中","https://www.ccgp-shaanxi.gov.cn/gpx-bid-file/610601/gpx-bidcore/2023/3/17/8a69c883865ceb1d0186eecd493c4bad.pdf?accessCode=e0771c16fa46abf11b4fd6cbb9a6e929"
"LA-2025-0072","陕西","陕西省","购买 无人机反制设备 ( 中标公告","公开信息未披露","公开信息未披露","2025年12月1日","2025","1","无人机反制设备","侦测反制装备/设备","公开信息未披露","公开信息未披露","公开信息未披露","公开信息未披露","项目名称/证据摘要关键词抽取；公开信息未见数量","低","https://shaanxi.bidizhaobiao.com/info-717597249.html"
"LA-2025-0073","陕西","石泉","石泉县公安局无人机反制设备采购项目中标（成交）结果公告","石泉县公安局","公开信息未披露","2025年09月30日","2025","1","无人机反制设备","侦测反制装备/设备","公开信息未披露","公开信息未披露","公开信息未披露","公开信息未披露","项目名称/证据摘要关键词抽取；公开信息未见数量","低","http://www.ccgp.gov.cn/cggg/dfgg/cjgg/202509/t20250930_25447729.htm"
"LA-2025-0074","陕西","未识别","无人机反制设备采购结果公告（2025-JKFDLB-W3023）","公开信息未披露","天津云翔无人机科技有限公司","2025年12月17日","2025","1","无人机反制设备","侦测反制装备/设备","公开信息未披露","公开信息未披露","公开信息未披露","公开信息未披露","项目名称/证据摘要关键词抽取；公开信息未见数量","低","https://www.zhiliaobiaoxun.com/detail/495198984b24e40eaabd.html"
"LA-2025-0075","陕西","铜川","铜川市公安局无人机反制设备采购项目","铜川市公安局","北京历正科技有限责任公司","2025-11-27","2025","1","无人机反制设备","侦测反制装备/设备","公开信息未披露","公开信息未披露","公开信息未披露","公开信息未披露","项目名称/证据摘要关键词抽取；公开信息未见数量","低","https://www.ccgp-shaanxi.gov.cn/gpx-bid-file/ZF_JGBM_000003/610201/2025/11/27/8a69c6d69aa4903f019abde646f72230/gpx-bidconfirm/8a69c5549a644c2c019b347948ff3a9a.pdf?accessCode=4866108c672b419e9b624d67ca946cd0"
"LA-2025-0076","陕西","未识别","无人机反制 设备项目( 中标公告","公开信息未披露","北京中宇万通科技股份有限公司","2025年12月1日","2025","1","无人机侦测反制设备/装备","侦测反制装备/设备","公开信息未披露","公开信息未披露","公开信息未披露","公开信息未披露","按项目名称/项目类型推断；具体设备未披露","低","https://shaanxi.bidizhaobiao.com/info-729987342.html"
"LA-2025-0077","陕西","西安","******","公开信息未披露","公开信息未披露","2025年09月23日","2025","1","无人机侦测反制设备/装备","侦测反制装备/设备","公开信息未披露","公开信息未披露","公开信息未披露","公开信息未披露","按项目名称/项目类型推断；具体设备未披露","低","https://www.chinamae.com/purchases/c19cea9e9971d343612d7ae4fe77f8a3.html"
"LA-2026-0078","陕西","西安咸阳","西安咸阳国际机场股份有限公司无人机反制车租赁项目","西安咸阳国际机场股份有限公司","公开信息未披露","2026年1月5日","2026","1","无人机反制车","系统平台/管控软件","公开信息未披露","公开信息未披露","公开信息未披露","公开信息未披露","项目名称/证据摘要关键词抽取；公开信息未见数量","低","https://www.bidcenter.com.cn/news-398824934-4.html"
"LA-2024-0079","上海","青浦","上海市公安局青浦分局无人机反制阵地系统租赁服务","上海市公安局青浦分局","公开信息未披露","2024-05-10","2024","1","无人机反制阵地系统租赁服务","服务/租赁","1","项服务","公开信息未披露","公开信息未披露","项目名称披露阵地系统租赁服务；具体设备数量未披露","中","https://www.ode119.com/zhaobiao/89312.html"
"LA-2024-0080","上海","长宁","2024年度至2025年度长宁公安分局无人机侦测反制设备租赁项目","上海市公安局长宁分局","上海新世纪科技有限公司","2024-11-11","2024","1","无人机侦测反制设备租赁服务","服务/租赁","1","项服务","公开信息未披露","公开信息未披露","中国政府采购网成交公告主要标的信息；具体设备数量未披露","中","https://www.ccgp.gov.cn/cggg/dfgg/cjgg/202411/t20241111_23584081.htm"
"LA-2023-0081","四川","成都","某部无人机反制设备采购中标公告","某部","四川省商投信息技术有限责任公司","2023年12月22日","2023","1","无人机反制设备","侦测反制装备/设备","公开信息未披露","公开信息未披露","公开信息未披露","公开信息未披露","项目名称/证据摘要关键词抽取；公开信息未见数量","低","http://www.ccgp.gov.cn/cggg/zygg/zbgg/202312/t20231222_21326133.htm"
"LA-2024-0082","四川","成都","成都市公安局无人机反制装备采购项目（二次）","成都市公安局","成都鸿安泰达科技发展有限公司","2024-10-16","2024","1","无人机反制装备","侦测反制装备/设备","公开信息未披露","公开信息未披露","公开信息未披露","公开信息未披露","项目名称/证据摘要关键词抽取；公开信息未见数量","低","https://ggzyjy.sc.gov.cn/jyxx/002002/002002003/20241016/8a69ce909271d3f20192937b363d1071.html"
"LA-2024-0083","四川","绵阳","绵阳市公安局经济技术开发区分局 无人机反制设备中标（成交）结果公告","绵阳市公安局经济技术开发区分局","公开信息未披露","2024年12月03日","2024","1","无人机反制设备","侦测反制装备/设备","公开信息未披露","公开信息未披露","公开信息未披露","公开信息未披露","项目名称/证据摘要关键词抽取；公开信息未见数量","低","http://www.ccgp.gov.cn/cggg/dfgg/cjgg/202412/t20241203_23775431.htm"
"LA-2025-0084","四川","成都","成都世运会无人机无线电反制设备管控服务项目","成都市无线电监测站","天维讯达（四川）科技有限公司","2025-07-10","2025","1","无人机无线电反制设备管控服务","服务/租赁","1","项服务","公开信息未披露","公开信息未披露","四川公共资源交易/四川政府采购中标公告主要标的信息；具体设备数量未披露","中","https://ggzyjy.sc.gov.cn/jyxx/002002/002002003/20250710/8a69cb7697ee71240197f26715345e73.html"
"LA-2025-0085","四川","泸州","泸州军分区民兵反无人机排装备器材采购项目","泸州市应急管理局","成都构玩居游乐设备有限公司","2025-07-29","2025","1","无人机频谱侦测设备","侦测探测设备","2","套","安则","An-Wscan-S","四川公共资源交易/四川政府采购中标公告主要标的信息","高","https://ggzyjy.sc.gov.cn/jyxx/002002/002002003/20250729/8a69ce2d984c25900198500cbd1c06b7.html"
"LA-2025-0085","四川","泸州","泸州军分区民兵反无人机排装备器材采购项目","泸州市应急管理局","成都构玩居游乐设备有限公司","2025-07-29","2025","2","固定式无人机反制设备","固定式反制/防御设备","2","套","安则","An-Jam-03G","四川公共资源交易/四川政府采购中标公告主要标的信息","高","https://ggzyjy.sc.gov.cn/jyxx/002002/002002003/20250729/8a69ce2d984c25900198500cbd1c06b7.html"
"LA-2025-0085","四川","泸州","泸州军分区民兵反无人机排装备器材采购项目","泸州市应急管理局","成都构玩居游乐设备有限公司","2025-07-29","2025","3","察打一体无人机反制设备","察打一体侦测反制设备","1","套","安则","An-DJS","四川公共资源交易/四川政府采购中标公告主要标的信息","高","https://ggzyjy.sc.gov.cn/jyxx/002002/002002003/20250729/8a69ce2d984c25900198500cbd1c06b7.html"
"LA-2025-0085","四川","泸州","泸州军分区民兵反无人机排装备器材采购项目","泸州市应急管理局","成都构玩居游乐设备有限公司","2025-07-29","2025","4","便携式察打一体反制设备","察打一体侦测反制设备","2","套","安则","An-DJ","四川公共资源交易/四川政府采购中标公告主要标的信息","高","https://ggzyjy.sc.gov.cn/jyxx/002002/002002003/20250729/8a69ce2d984c25900198500cbd1c06b7.html"
"LA-2025-0085","四川","泸州","泸州军分区民兵反无人机排装备器材采购项目","泸州市应急管理局","成都构玩居游乐设备有限公司","2025-07-29","2025","5","手持式无人机反制设备","便携/手持反制设备","4","套","安则","Auav-b01","四川公共资源交易/四川政府采购中标公告主要标的信息","高","https://ggzyjy.sc.gov.cn/jyxx/002002/002002003/20250729/8a69ce2d984c25900198500cbd1c06b7.html"
"LA-2025-0085","四川","泸州","泸州军分区民兵反无人机排装备器材采购项目","泸州市应急管理局","成都构玩居游乐设备有限公司","2025-07-29","2025","6","无人机智能管控平台","系统平台/管控软件","1","套","安则","AZMS-V1","四川公共资源交易/四川政府采购中标公告主要标的信息","高","https://ggzyjy.sc.gov.cn/jyxx/002002/002002003/20250729/8a69ce2d984c25900198500cbd1c06b7.html"
"LA-2025-0085","四川","泸州","泸州军分区民兵反无人机排装备器材采购项目","泸州市应急管理局","成都构玩居游乐设备有限公司","2025-07-29","2025","7","终端","配套计算/显示终端","3","台","Inspur 浪潮","NF5280M5","四川公共资源交易/四川政府采购中标公告主要标的信息","高","https://ggzyjy.sc.gov.cn/jyxx/002002/002002003/20250729/8a69ce2d984c25900198500cbd1c06b7.html"
"LA-2025-0085","四川","泸州","泸州军分区民兵反无人机排装备器材采购项目","泸州市应急管理局","成都构玩居游乐设备有限公司","2025-07-29","2025","8","无人机1","配套无人机/训练靶机","2","台","DJI","Mavic 3 Pro","四川公共资源交易/四川政府采购中标公告主要标的信息","高","https://ggzyjy.sc.gov.cn/jyxx/002002/002002003/20250729/8a69ce2d984c25900198500cbd1c06b7.html"
"LA-2025-0085","四川","泸州","泸州军分区民兵反无人机排装备器材采购项目","泸州市应急管理局","成都构玩居游乐设备有限公司","2025-07-29","2025","9","无人机2","配套无人机/训练靶机","2","台","DJI","Mini 4 Pro","四川公共资源交易/四川政府采购中标公告主要标的信息","高","https://ggzyjy.sc.gov.cn/jyxx/002002/002002003/20250729/8a69ce2d984c25900198500cbd1c06b7.html"
"LA-2025-0085","四川","泸州","泸州军分区民兵反无人机排装备器材采购项目","泸州市应急管理局","成都构玩居游乐设备有限公司","2025-07-29","2025","10","DIY穿越机","配套无人机/训练靶机","2","台","光烨","定制","四川公共资源交易/四川政府采购中标公告主要标的信息","高","https://ggzyjy.sc.gov.cn/jyxx/002002/002002003/20250729/8a69ce2d984c25900198500cbd1c06b7.html"
"LA-2023-0086","未识别","未识别","基站式 无人机反制 设备采购项目 中标 结果 公告","公开信息未披露","公开信息未披露","2023年2月10日","2023","1","无人机侦测反制设备/装备","侦测反制装备/设备","公开信息未披露","公开信息未披露","公开信息未披露","公开信息未披露","按项目名称/项目类型推断；具体设备未披露","低","http://www.ccgp.gov.cn/cggg/dfgg/zbgg/202302/t20230210_19438686.htm"
"LA-2024-0087","未识别","未识别","某单位便携式 无人机反制 枪 成交公告","某单位","公开信息未披露","2024年12月25日","2024","1","反制枪","便携/手持反制设备","公开信息未披露","公开信息未披露","公开信息未披露","公开信息未披露","项目名称/证据摘要关键词抽取；公开信息未见数量","低","https://www.bidcenter.com.cn/news-331919403-4.html"
"LA-2024-0088","未识别","未识别","特警大队无人机反制设备采购项目成交公告","公开信息未披露","公开信息未披露","2024年04月08日","2024","1","无人机反制设备","侦测反制装备/设备","公开信息未披露","公开信息未披露","公开信息未披露","公开信息未披露","项目名称/证据摘要关键词抽取；公开信息未见数量","低","https://www.qianlima.com/bid-412879753.html"
"LA-2024-0089","未识别","未识别","无人机反制 设备采购项目中标结果 公告","公开信息未披露","公开信息未披露","2024年12月6日","2024","1","无人机侦测反制设备/装备","侦测反制装备/设备","公开信息未披露","公开信息未披露","公开信息未披露","公开信息未披露","按项目名称/项目类型推断；具体设备未披露","低","https://m.bidcenter.com.cn/news-4-327448124.html"
"LA-2024-0090","未识别","未识别","无人机反制 设施检测系统项目中标 成交 结果 公告","公开信息未披露","公开信息未披露","2024年7月2日","2024","1","无人机侦测反制系统/平台","系统平台/管控软件","公开信息未披露","公开信息未披露","公开信息未披露","公开信息未披露","按项目类型推断；具体设备未披露","低","https://www.bidcenter.com.cn/news-294800126-4.html"
"LA-2025-0091","未识别","未识别","******","公开信息未披露","公开信息未披露","2025年09月23日","2025","1","无人机侦测反制设备/装备","侦测反制装备/设备","公开信息未披露","公开信息未披露","公开信息未披露","公开信息未披露","按项目名称/项目类型推断；具体设备未披露","低","https://www.chinamae.com/purchases/567ae03600cb204b61a6bdc2ff593907.html"
"LA-2025-0092","未识别","未识别","•某部 无人机反制 装备采购项目 中标 结果 公告","公开信息未披露","公开信息未披露","2025年1月8日","2025","1","无人机侦测反制设备/装备","侦测反制装备/设备","公开信息未披露","公开信息未披露","公开信息未披露","公开信息未披露","按项目名称/项目类型推断；具体设备未披露","低","https://www.zhaobiaoziyuan.com/detail/677e4b19044491747fb1370a.html"
"LA-2025-0093","未识别","未识别","采购 无人机反制 设备竞价 成交公告","...","公开信息未披露","2025年6月8日","2025","1","无人机侦测反制设备/装备","侦测反制装备/设备","公开信息未披露","公开信息未披露","公开信息未披露","公开信息未披露","按项目名称/项目类型推断；具体设备未披露","低","https://rl.zhaobiao.cn/succeed_v_dfb78bc391885e3ad7dad921b06ddd6a.html"
"LA-2025-0094","未识别","未识别","车载 无人机反制 系统改装 中标公告","公开信息未披露","公开信息未披露","2025年12月3日","2025","1","无人机侦测反制系统/平台","系统平台/管控软件","公开信息未披露","公开信息未披露","公开信息未披露","公开信息未披露","按项目类型推断；具体设备未披露","低","https://www.bidcenter.com.cn/news-393042941-4.html"
"LA-2025-0095","未识别","未识别","关于无人机侦测反制设备采购项目","公开信息未披露","公开信息未披露","2025年12月14日","2025","1","无人机侦测反制设备","侦测反制装备/设备","公开信息未披露","公开信息未披露","公开信息未披露","公开信息未披露","项目名称/证据摘要关键词抽取；公开信息未见数量","低","https://www.zhiliaobiaoxun.com/detail/494886464b2e65eaeaed.html"
"LA-2025-0096","未识别","未识别","某部 无人机反制 装备采购项目 中标公告","某部","公开信息未披露","2025年1月8日","2025","1","无人机侦测反制设备/装备","侦测反制装备/设备","公开信息未披露","公开信息未披露","公开信息未披露","公开信息未披露","按项目名称/项目类型推断；具体设备未披露","低","https://m.zhaobiao.cn/zb/succeed_v_01edfc6375743b888c1d8c49187c29bc.html"
"LA-2025-0097","未识别","未识别","某部无人机反制系统建设-某部无人机反制系统建设成交结果公告","公开信息未披露","公开信息未披露","2025年11月12日","2025","1","无人机反制系统","系统平台/管控软件","公开信息未披露","公开信息未披露","公开信息未披露","公开信息未披露","项目名称/证据摘要关键词抽取；公开信息未见数量","低","https://www.qianlima.com/bid-552832326.html"
"LA-2025-0098","未识别","未识别","无人机反制 设备第二批采购项目 中标 成交结果 公告","公开信息未披露","公开信息未披露","2025年9月17日","2025","1","无人机侦测反制设备/装备","侦测反制装备/设备","公开信息未披露","公开信息未披露","公开信息未披露","公开信息未披露","按项目名称/项目类型推断；具体设备未披露","低","https://www.bidcenter.com.cn/newscontent-379582703-4.html"
"LA-2025-0099","未识别","未识别","无人机反制器材竞价成交公告","某单位","公开信息未披露","2025年08月14日","2025","1","无人机反制器材","侦测反制装备/设备","公开信息未披露","公开信息未披露","公开信息未披露","公开信息未披露","项目名称/证据摘要关键词抽取；公开信息未见数量","低","https://www.zhiliaobiaoxun.com/article/73683688"
"LA-2025-0100","未识别","未识别","无人机反制枪采购项目","公开信息未披露","公开信息未披露","2025年07月29日","2025","1","无人机反制枪","便携/手持反制设备","公开信息未披露","公开信息未披露","公开信息未披露","公开信息未披露","项目名称/证据摘要关键词抽取；公开信息未见数量","低","https://www.qianlima.com/bid-526557419.html"
"LA-2025-0101","未识别","未识别","无人机反制设备 采购 中标公告","公开信息未披露","公开信息未披露","2025年6月10日","2025","1","无人机反制设备","侦测反制装备/设备","公开信息未披露","公开信息未披露","公开信息未披露","公开信息未披露","项目名称/证据摘要关键词抽取；公开信息未见数量","低","https://www.bidcenter.com.cn/newscontent-360279871-4.html"
"LA-2025-0102","未识别","未识别","无人机反制系统 采购( 中标公告","公开信息未披露","公开信息未披露","2025年12月1日","2025","1","无人机反制系统","系统平台/管控软件","公开信息未披露","公开信息未披露","公开信息未披露","公开信息未披露","项目名称/证据摘要关键词抽取；公开信息未见数量","低","https://bj.bidizhaobiao.com/info-715431177.html"
"LA-2025-0103","未识别","未识别","无人机反制系统采购项目","公开信息未披露","公开信息未披露","2025年03月06日","2025","1","无人机反制系统","系统平台/管控软件","公开信息未披露","公开信息未披露","公开信息未披露","公开信息未披露","项目名称/证据摘要关键词抽取；公开信息未见数量","低","https://www.qianlima.com/bid-489164406.html"
"LA-2026-0104","未识别","未识别","固定式 无人机反制 设备采购竞价 成交公告 竞价公告-采购与招标网(www.... 2026年4月2日","公开信息未披露","公开信息未披露","2026年4月2日","2026","1","无人机侦测反制系统/平台","系统平台/管控软件","公开信息未披露","公开信息未披露","公开信息未披露","公开信息未披露","按项目类型推断；具体设备未披露","低","https://www.chinabidding.cn/zbgs/U-vzrodMB.html"
"LA-2026-0105","未识别","未识别","无人机 及 无人机反制设备 采购项目 中标公告","公开信息未披露","公开信息未披露","2026年1月27日","2026","1","无人机反制设备","侦测反制装备/设备","公开信息未披露","公开信息未披露","公开信息未披露","公开信息未披露","项目名称/证据摘要关键词抽取；公开信息未见数量","低","https://www.bidcenter.com.cn/news-403044302-4.html"
"LA-2026-0106","未识别","未识别","无人机反制 设备采购项目 中标 成交结果 公告","公开信息未披露","公开信息未披露","2026年1月4日","2026","1","无人机侦测反制设备/装备","侦测反制装备/设备","公开信息未披露","公开信息未披露","公开信息未披露","公开信息未披露","按项目名称/项目类型推断；具体设备未披露","低","https://www.bidcenter.com.cn/news-398309565-4.html"
"LA-2026-0107","未识别","未识别","无人机反制 设备竞价 成交公告","公开信息未披露","公开信息未披露","2026年1月7日","2026","1","无人机侦测反制设备/装备","侦测反制装备/设备","公开信息未披露","公开信息未披露","公开信息未披露","公开信息未披露","按项目名称/项目类型推断；具体设备未披露","低","https://www.okcis.cn/20260107-n3-20260107180632501265.html"
"LA-2024-0108","新疆","未识别","无人机反制 设备竞价 成交公告","公开信息未披露","公开信息未披露","2024年9月11日","2024","1","无人机侦测反制设备/装备","侦测反制装备/设备","公开信息未披露","公开信息未披露","公开信息未披露","公开信息未披露","按项目名称/项目类型推断；具体设备未披露","低","https://rl.zhaobiao.cn/succeed_v_630b3f8e3205b4b7bf2a1f67c810efa3.html"
"LA-2024-0109","新疆","乌什","乌什县公安局购买无人机反制装备采购项目（二次）","乌什县公安局","公开信息未披露","2024年9月27日","2024","1","无人机反制装备","侦测反制装备/设备","公开信息未披露","公开信息未披露","公开信息未披露","公开信息未披露","项目名称/证据摘要关键词抽取；公开信息未见数量","低","https://xinjiang.zhaobiao.cn/succeed_v_100563878.html"
"LA-2024-0110","新疆","新疆维吾尔自治区","某单位无人机反制系统采购项目中标公告","某单位","星际控股集团有限公司","2024年05月28日","2024","1","无人机反制系统","系统平台/管控软件","公开信息未披露","公开信息未披露","公开信息未披露","公开信息未披露","项目名称/证据摘要关键词抽取；公开信息未见数量","低","http://www.ccgp.gov.cn/cggg/dfgg/zbgg/202405/t20240528_22217790.htm"
"LA-2025-0111","新疆","巴音郭楞","无人机反制设备采购竞价成交公告","新疆维吾尔自治区巴音郭楞某单位","新疆轩志信息科技有限公司","2025年02月25日","2025","1","无人机反制设备","侦测反制装备/设备","公开信息未披露","公开信息未披露","公开信息未披露","公开信息未披露","项目名称/证据摘要关键词抽取；公开信息未见数量","低","https://www.jianyu360.cn/article/bdprivate/BVrMiE7ZXMBZQ4oJCc7NCMKH3FlXU8OWRYgKyMjBwJVeXZ1IApcB%2BA%3D.html"
"LA-2025-0112","新疆","昌吉","无人机反制设备（第二批）采购项目中标(成交)结果公告","昌吉回族自治州公安局","公开信息未披露","2025年09月18日","2025","1","无人机反制设备","侦测反制装备/设备","公开信息未披露","公开信息未披露","公开信息未披露","公开信息未披露","项目名称/证据摘要关键词抽取；公开信息未见数量","低","http://www.ccgp.gov.cn/cggg/dfgg/zbgg/202509/t20250918_25371641.htm"
"LA-2025-0113","新疆","达坂城","达坂城区 无人机反制 系统竞价 成交公告","公开信息未披露","公开信息未披露","2025年5月23日","2025","1","无人机侦测反制系统/平台","系统平台/管控软件","公开信息未披露","公开信息未披露","公开信息未披露","公开信息未披露","按项目类型推断；具体设备未披露","低","https://xj.bidcenter.com.cn/zbcontent-356752206-4.html"
"LA-2025-0114","新疆","克州","克州GAJ（特警支队）无人机反制侦测相关设备采购项目","克州GAJ（特警支队）","新疆尚维飞创电子科技有限公司","2025年12月1日","2025","1","手持无人机侦测设备","侦测探测设备","4","套","锐盾","RD-H2L","证据摘要披露“手持无人机侦测设备 锐盾 RD-H2L 4”","中","https://xj.bidizhaobiao.com/info-599920271.html"
"LA-2025-0115","新疆","墨玉","墨玉县某单位 无人机 及 反制 设备二次 中标 结果-采招网 2025年12月17日","公开信息未披露","公开信息未披露","2025年12月17日","2025","1","无人机侦测反制设备/装备","侦测反制装备/设备","公开信息未披露","公开信息未披露","公开信息未披露","公开信息未披露","按项目名称/项目类型推断；具体设备未披露","低","https://www.bidcenter.com.cn/news-396480806-4.html"
"LA-2025-0116","新疆","未识别","无人机反制系统及无人机机场式巡逻系统采购项目","兵团第二单位","公开信息未披露","2025年10月30日","2025","1","无人机反制系统","系统平台/管控软件","公开信息未披露","公开信息未披露","公开信息未披露","公开信息未披露","项目名称/证据摘要关键词抽取；公开信息未见数量","低","https://www.chinabiddingzb.com/read-670286095.html"
"LA-2025-0117","新疆","乌鲁木齐","无人机反制系统采购项目","某单位","新疆乾元商贸有限公司","2025-03-28","2025","1","无人机反制系统","察打一体侦测反制设备","公开信息未披露","公开信息未披露","公开信息未披露","公开信息未披露","项目名称/证据摘要关键词抽取；公开信息未见数量","低","https://www.ccgp.gov.cn/cggg/dfgg/zbgg/202503/t20250328_24369730.htm"
"LA-2026-0118","新疆","玛纳斯","玛纳斯县GAJ警用无人机反制设备竞价成交公告","公开信息未披露","公开信息未披露","2026年04月10日","2026","1","无人机反制设备","侦测反制装备/设备","公开信息未披露","公开信息未披露","公开信息未披露","公开信息未披露","项目名称/证据摘要关键词抽取；公开信息未见数量","低","https://www.qianlima.com/bid-588543827.html"
"LA-2026-0119","新疆","未识别","无人机反制系统 设备采购项目采购结果公示(2026-JLJFEC-W1001)_ 中标 ... 2026年3月25日","公开信息未披露","公开信息未披露","2026年3月25日","2026","1","无人机反制系统","系统平台/管控软件","公开信息未披露","公开信息未披露","公开信息未披露","公开信息未披露","项目名称/证据摘要关键词抽取；公开信息未见数量","低","https://rl.zhaobiao.cn/succeed_v_7ecc2fca91799410860f6baa0ac780d5.html"
"LA-2024-0120","云南","未识别","某部无人机反制装备采购项目中标结果公告","某部","中国联合网络通信有限公司西双版纳傣族自治州分公司","2024年12月18日","2024","1","无人机反制装备","侦测反制装备/设备","公开信息未披露","公开信息未披露","公开信息未披露","公开信息未披露","项目名称/证据摘要关键词抽取；公开信息未见数量","低","https://www.jianyu360.cn/article/bdprivate/BGFMiE8dnNJYQgxNF47NCMKH3FlXU8OWRYgPBk3CgJVQ3R1JwpcCG0%3D.html"
"LA-2025-0121","云南","昆明","昆明市 无人机反制设备 采购项目 中标 结果 公告","(略)","公开信息未披露","2025年10月16日","2025","1","无人机反制设备","侦测反制装备/设备","公开信息未披露","公开信息未披露","公开信息未披露","公开信息未披露","项目名称/证据摘要关键词抽取；公开信息未见数量","低","https://yn.bidcenter.com.cn/zbcontent-384156006-4.html"
"LA-2025-0122","云南","昆明","昆明市公安局西山分局无人机反制设备采购项目中标结果公告","昆明市公安局西山分局","浙江凡双科技股份有限公司","2025年10月16日","2025","1","无人机反制设备","固定式反制/防御设备","公开信息未披露","公开信息未披露","公开信息未披露","公开信息未披露","项目名称/证据摘要关键词抽取；公开信息未见数量","低","http://www.ccgp.gov.cn/cggg/dfgg/zbgg/202510/t20251016_25519531.htm"
"LA-2025-0123","云南","未识别","某部无人机反制装备采购项目","某部","中国联合网络通信有限公司西双版纳傣族自治州分公司","2025年1月8日","2025","1","无人机反制装备","侦测反制装备/设备","公开信息未披露","公开信息未披露","公开信息未披露","公开信息未披露","项目名称/证据摘要关键词抽取；公开信息未见数量","低","https://www.163.com/dy/article/JLD42AML05317V0G.html"
"LA-2025-0124","云南","未识别","某部无人机反制装备采购项目中标公告","某部","中国联合网络通信有限公司西双版纳傣族自治州分公司","2025年1月8日","2025","1","无人机反制装备","侦测探测设备","公开信息未披露","公开信息未披露","公开信息未披露","公开信息未披露","项目名称/证据摘要关键词抽取；公开信息未见数量","低","https://yn.zhiliaobiaoxun.com/article/49584401"
"LA-2023-0125","浙江","杭州","浙江工商大学文体中心亚运手球馆无人机反制预警设备租赁服务","浙江工商大学","公开信息未披露","2023-05-24","2023","1","无人机反制预警设备租赁服务","服务/租赁","1","项服务","公开信息未披露","公开信息未披露","项目名称披露租赁服务；具体设备数量未披露","中","https://cgzx.zjgsu.edu.cn/4738/list35.psp"
"LA-2023-0126","浙江","温州","瑞安市公安局便携式无人机防御反制设备采购项目","瑞安市公安局","中国联合网络通信有限公司温州市分公司","2023-07-17","2023","1","无人机防御反制设备","便携/手持反制设备","公开信息未披露","公开信息未披露","公开信息未披露","公开信息未披露","项目名称/证据摘要关键词抽取；公开信息未见数量","低","https://www.fdzb119.com/zhaobiao/70037.html"
"LA-2023-0127","浙江","温州","温州奥体中心安保专项-无人机反制设备采购项目","温州市龙湾区体育事业发展中心","中国联合网络通信有限公司温州市分公司","2023-08-21","2023","1","无人机反制设备","侦测反制装备/设备","公开信息未披露","公开信息未披露","公开信息未披露","公开信息未披露","项目名称/证据摘要关键词抽取；公开信息未见数量","低","https://ggzyjy-eweb.wenzhou.gov.cn/art/2023/8/21/art_1229678301_28546.html"
"LA-2024-0128","浙江","海盐","海盐县公安局 无人机反制 设备采购项目( 中标公告","海盐县公安局","公开信息未披露","2024年11月20日","2024","1","无人机侦测反制设备/装备","侦测反制装备/设备","公开信息未披露","公开信息未披露","公开信息未披露","公开信息未披露","按项目名称/项目类型推断；具体设备未披露","低","http://zj.bidizhaobiao.com/info-557598739.html"
"LA-2024-0129","浙江","绍兴","绍兴市公安局上虞区分局无人机反制设备采购项目（第二次）","绍兴市公安局上虞区分局","苏州璟鞍科技有限公司","2024-08-08","2024","1","无人机反制设备","侦测反制装备/设备","公开信息未披露","公开信息未披露","公开信息未披露","公开信息未披露","项目名称/证据摘要关键词抽取；公开信息未见数量","低","https://www.fdzb119.com/zhaobiao/111762.html"
"LA-2024-0130","浙江","舟山","无人机侦测反制设备采购（重新招标）","公开信息未披露","中国电信股份有限公司舟山分公司","2024-11-02","2024","1","无人机侦测反制设备","侦测探测设备","公开信息未披露","公开信息未披露","公开信息未披露","公开信息未披露","项目名称/证据摘要关键词抽取；公开信息未见数量","低","https://www.zgggzy.com/jieguo/show.php?itemid=30831"
"LA-2025-0131","浙江","定海","定海区 无人机反制 系统竞价 成交 公告-浙江招标网 2025年3月10日","某单位","公开信息未披露","2025年3月10日","2025","1","无人机侦测反制系统/平台","系统平台/管控软件","公开信息未披露","公开信息未披露","公开信息未披露","公开信息未披露","按项目类型推断；具体设备未披露","低","https://zj.bidcenter.com.cn/zbcontent-351328614-4.html"
"LA-2025-0132","浙江","杭州","浙江警官职业学院监狱无人机探测与反制实训系统建设项目","浙江警官职业学院","公开信息未披露","2025-12-04","2025","1","无人机探测与反制实训系统","系统平台/管控软件","公开信息未披露","公开信息未披露","公开信息未披露","公开信息未披露","项目名称/证据摘要关键词抽取；公开信息未见数量","低","https://www.zjjy.com.cn/info/1068/40874.htm"
"LA-2025-0133","浙江","柯桥","柯桥区 无人机反制设备 采购 中标 成交结果 公告","公开信息未披露","公开信息未披露","2025年11月21日","2025","1","无人机反制设备","侦测反制装备/设备","公开信息未披露","公开信息未披露","公开信息未披露","公开信息未披露","项目名称/证据摘要关键词抽取；公开信息未见数量","低","https://zj.bidcenter.com.cn/zbcontent-390623194-4.html"
"LA-2025-0134","浙江","丽水","丽水市公安局丽水机场低空防御服务项目合同","丽水市公安局","中国移动通信集团浙江有限公司丽水分公司","2025-12-11","2025","1","低空防御服务","系统平台/管控软件","公开信息未披露","公开信息未披露","公开信息未披露","公开信息未披露","项目名称/证据摘要关键词抽取；公开信息未见数量","低","https://www.bbda.com/bidList/k1295"
"LA-2025-0135","浙江","台州","天台县公安局无人机侦测打击系统项目","天台县公安局","中国移动通信集团浙江有限公司台州分公司","2025-05-26","2025","1","无人机侦测打击系统","系统平台/管控软件","公开信息未披露","公开信息未披露","公开信息未披露","公开信息未披露","项目名称/证据摘要关键词抽取；公开信息未见数量","低","https://www.zjtt.gov.cn/art/2025/5/26/art_1229796762_59180589.html"
"LA-2025-0136","浙江","台州","天台县公安局无人机侦测打击系统项目（第二次）","天台县公安局","中国联合网络通信有限公司台州市分公司","2025-10-10","2025","1","无人机侦测打击系统","系统平台/管控软件","公开信息未披露","公开信息未披露","公开信息未披露","公开信息未披露","项目名称/证据摘要关键词抽取；公开信息未见数量","低","https://www.zjtt.gov.cn/art/2025/10/10/art_1229796762_59184273.html"
"LA-2025-0137","浙江","未识别","无人机反制 系统( 中标公告","...","公开信息未披露","2025年3月10日","2025","1","无人机侦测反制系统/平台","系统平台/管控软件","公开信息未披露","公开信息未披露","公开信息未披露","公开信息未披露","按项目类型推断；具体设备未披露","低","https://zj.bidizhaobiao.com/info-599355455.html"
"LA-2026-0138","浙江","普陀","舟山市公安局普陀区分局无人机低空反制设备采购合同","舟山市公安局普陀区分局","中国移动通信集团浙江有限公司舟山分公司","2026-01-23","2026","1","无人机低空反制设备","侦测反制装备/设备","公开信息未披露","公开信息未披露","公开信息未披露","公开信息未披露","项目名称/证据摘要关键词抽取；公开信息未见数量","低","https://www.bbda.com/bidList/k1295"
"LA-2026-0139","重庆","南岸","2026年无人机反制设备租赁服务","公开信息未披露","中虎****公司","2026-02-06","2026","1","无人机反制设备租赁服务","服务/租赁","1","项服务","公开信息未披露","公开信息未披露","项目名称披露租赁服务；具体设备数量未披露","中","https://www.falvzhaobiao.com/news-38a5efd5bedc1d00e77ff254b07f2ecb/"
"LA-2023-0140","陕西","西安","西安市公安局4G无人机侦测反制设备采购项目","西安市公安局（本级）","北京瑞达恩科技股份有限公司","2023-06-09","2023","1","无线电反制设备","侦测反制装备/设备","1","项","瑞达恩","RDN-428","陕西省政府采购网中标（成交）结果公告主要标的信息","高","https://www.ccgp-shaanxi.gov.cn/gpx-bid-file/610101/gpx-bidcore/2023/6/9/8a69c9318844861201889f17dfae3f55.pdf?accessCode=cc4f1dda7e0ed63045957911cd1e5379"
"LA-2023-0141","安徽","黄山","反无人机系统设备采购项目","某部","合肥御悟信息科技有限公司","2023-11-10","2023","1","反无人机系统设备","侦测反制装备/设备","1","套","上海特金","RF-200M","黄山市公共资源交易中标结果公告主要标的信息","高","https://ggzy.huangshan.gov.cn/TPBidder/frame/fui/js/widgets/ewebeditor/uploadfile/20231110155451345.pdf"
"LA-2025-0142","宁夏","银川","银川市公安局WRJGZ装备项目","银川市公安局","杰能科世智能安全科技（杭州）有限公司","2025-07-29","2025","1","WRJGZ装备","侦测反制装备/设备","1","项","公开信息未披露","详见附件","宁夏回族自治区政府采购网中标公告披露中标供应商为杰能科世智能安全科技（杭州）有限公司；主要标的信息未细化披露","中","https://www.ccgp-ningxia.gov.cn/public/NXGPPNEW/dynamic/contents/SXCGGG/ZHBGG/content.jsp?cid=2013&id=8b80b27b9821ef38019854d615231cb9&sid=1&type=ZB"
"LA-2026-0143","内蒙古","林西","林西县公安局特种指挥车辆及无人机反制设备项目","林西县公安局","内蒙古隆昱祥科技有限公司","2026-01-06","2026","1","无人机反制设备（一）","侦测反制装备/设备","1","项","D2C JM1","TDD-DCMX1-AB-HEN2A，JM1","内蒙古政府采购中标（成交）明细披露制造商为上海特金信息科技有限公司","高","https://www.ccgp-neimenggu.gov.cn/gpx-bid-file/ZF_JGBM_000001/150424/2025/12/8/402881e29a8668d8019afbe4c8147e19/gpx-bidconfirm/402881d29b2683a9019b924d25b44e4c.pdf?accessCode=a6f3937094db472eaad9ad6cad006eef"
"LA-2026-0143","内蒙古","林西","林西县公安局特种指挥车辆及无人机反制设备项目","林西县公安局","内蒙古隆昱祥科技有限公司","2026-01-06","2026","2","无人机反制设备（二）","侦测反制装备/设备","1","项","H1D","TDD-DCPX1-AB-HHN1A","内蒙古政府采购中标（成交）明细披露制造商为上海特金信息科技有限公司","高","https://www.ccgp-neimenggu.gov.cn/gpx-bid-file/ZF_JGBM_000001/150424/2025/12/8/402881e29a8668d8019afbe4c8147e19/gpx-bidconfirm/402881d29b2683a9019b924d25b44e4c.pdf?accessCode=a6f3937094db472eaad9ad6cad006eef"
"LA-2025-0144","安徽","合肥","机场公安局无人机侦测反制设备采购项目","安徽省公安厅机场公安局","杰能科世智能安全科技（杭州）有限公司","2025-10-11","2025","1","车载无人机侦测解码设备","侦测探测设备","2","套","观曜科技","OMAT-AL100","安徽省政府采购网中标结果公告主要标的信息披露车载无人机侦测解码设备、品牌和型号","高","https://yzb.caigou2003.com/detail/1977004058623344640"
"LA-2025-0144","安徽","合肥","机场公安局无人机侦测反制设备采购项目","安徽省公安厅机场公安局","杰能科世智能安全科技（杭州）有限公司","2025-10-11","2025","2","车载无人机定向反制设备","侦测反制装备/设备","1","套","观曜科技","公开信息未披露","同一结果公告披露车载定向反制设备；具体型号未在公开摘要中完整展开","中","https://yzb.caigou2003.com/detail/1977004058623344640"
"LA-2025-0145","浙江","杭州","杭州市低空综合管理服务平台2.0公共安防管理端开发服务采购项目","杭州低空产业发展有限公司","浙江众合科技股份有限公司","2025-10-14","2025","1","低空综合管理服务平台2.0公共安防管理端开发服务","系统平台/管控软件","1","项服务","公开信息未披露","公开信息未披露","众合科技公开中标信息披露合同金额458万元，项目为平台公共安防管理端开发服务","高","https://www.anfangzhaobiao.com/qiye/zjzhkjgfyxgs/"
"LA-2025-0146","甘肃","兰州","甘肃省公安厅机场公安局无人机无源侦测反制系统升级及硬件设备采购项目(二次)","甘肃省公安厅机场公安局","杰能科世智能安全科技（杭州）有限公司","2025-12-17","2025","1","无人机无源侦测反制系统升级","系统平台/管控软件","1","项","公开信息未披露","公开信息未披露","结果公告标题直接披露系统升级；中标单位为杰能科世智能安全科技（杭州）有限公司","高","https://wap.tezhongzhuangbei.com/cjzb_nr_1287056.html"
"LA-2025-0146","甘肃","兰州","甘肃省公安厅机场公安局无人机无源侦测反制系统升级及硬件设备采购项目(二次)","甘肃省公安厅机场公安局","杰能科世智能安全科技（杭州）有限公司","2025-12-17","2025","2","无人机无源侦测反制硬件设备","侦测反制装备/设备","1","项","公开信息未披露","公开信息未披露","结果公告标题直接披露硬件设备采购；具体设备名在公开摘要中未完整展开","高","https://wap.tezhongzhuangbei.com/cjzb_nr_1287056.html"
"LA-2026-0147","甘肃","兰州新区","兰州新区低空飞行设施设备建设项目（低空安全监管平台项目）","兰州新区科技创新发展管理有限公司","杰能科世智能安全科技（杭州）有限公司","2026-03-25","2026","1","低空安全监管平台","系统平台/管控软件","1","项","公开信息未披露","公开信息未披露","中标候选人公示标题直接披露低空安全监管平台项目；中标单位为杰能科世智能安全科技（杭州）有限公司","高","https://www.bbda.com/bidList/k1295"
"LA-2025-0148","福建","厦门","厦门低空综合管理服务平台及一网统飞运营平台项目","厦门低空经济管理服务有限公司","中科星图股份有限公司、厦门兆翔智能科技有限公司联合体","2025-10-13","2025","1","无人机侦测反制系统/平台","系统平台/管控软件","公开信息未披露","公开信息未披露","公开信息未披露","公开信息未披露","按项目类型推断；具体设备未披露","低","https://www.anfangzb.com/view/16400/J7ZW3JkBg7S5K-635DSh.html"
"LA-2025-0149","浙江","杭州临安","临安区低空综合治理应用集成（一期）项目","杭州临安智瀚大数据科技有限公司","浙江众合科技股份有限公司","2025-12-15","2025","1","无人机侦测反制系统/平台","系统平台/管控软件","公开信息未披露","公开信息未披露","公开信息未披露","公开信息未披露","按项目类型推断；具体设备未披露","低","https://stock.stockstar.com/RB2025121800016028.shtml"
"LA-2025-0150","湖北","十堰","十堰市低空综合管理服务平台第一期建设项目","十堰产城融合投资发展集团有限公司","鸢飞科技（上海）有限公司","2025-01-20","2025","1","无人机侦测反制系统/平台","系统平台/管控软件","公开信息未披露","公开信息未披露","公开信息未披露","公开信息未披露","按项目类型推断；具体设备未披露","低","https://www.hbbidcloud.cn/shiyan/jyxx/004005/004005001/20250120/d0905e3d-3bf5-4f55-9d78-409fa4bba3ad.html"
"LA-2025-0151","西藏","昌都","昌都市公安局采购低空安全反无人机系统项目","昌都市公安局","中国电信集团有限公司昌都分公司","2025-01-29","2025","1","无人机侦测反制系统/平台","系统平台/管控软件","公开信息未披露","公开信息未披露","公开信息未披露","公开信息未披露","按项目类型推断；具体设备未披露","低","https://www.ccgp-xizang.gov.cn/freecms/site/xizang/ggxx/info/2025/8a7eb882948a40300194bdc599a22e17.html"
"LA-2025-0152","四川","遂宁","中国铁塔股份有限公司遂宁市分公司2025年低空安全态势感知监管平台服务与无人机监测反制设备采购项目（标段1：平台服务）","中国铁塔股份有限公司遂宁市分公司","四川泰睿通信工程有限公司","2025-12-05","2025","1","无人机侦测反制系统/平台","系统平台/管控软件","公开信息未披露","公开信息未披露","公开信息未披露","公开信息未披露","按项目类型推断；具体设备未披露","低","https://ebid.chinatowercom.cn/zgtt/gggs/003004/20251205/5a590d57-e9d9-47f9-868e-6cb6db3f4e96.html"
"LA-2025-0153","四川","遂宁","中国铁塔股份有限公司遂宁市分公司2025年低空安全态势感知监管平台服务与无人机监测反制设备采购项目（标段2：无人机监测反制设备）","中国铁塔股份有限公司遂宁市分公司","公开信息未披露","2025-12-05","2025","1","无人机侦测反制设备/装备","侦测反制装备/设备","公开信息未披露","公开信息未披露","公开信息未披露","公开信息未披露","按项目名称/项目类型推断；具体设备未披露","低","https://www.zchxzb.com/info/202512/7054297.html"
"LA-2026-0154","内蒙古","鄂尔多斯伊金霍洛旗","伊金霍洛旗公安局低空数字警务设备采购项目","伊金霍洛旗公安局","公开信息未披露","2026-04-14","2026","1","无人机侦测反制系统/平台","系统平台/管控软件","公开信息未披露","公开信息未披露","公开信息未披露","公开信息未披露","按项目类型推断；具体设备未披露","低","https://www.ccgp-neimenggu.gov.cn/gpx-bid-file/ZF_JGBM_000001/150627/2026/2/19/402881e29f1bab8b019f2a3a764e1b5d/gpx-bidconfirm/402881d2a2e2034d01a329e464d50142.pdf?accessCode=f9e54e286d0c95a3ed97db6c0119d409"
"LA-2026-0155","内蒙古","鄂尔多斯鄂托克旗","鄂托克旗公安局低空数字警务装备采购项目","鄂托克旗公安局","内蒙古迅力智能科技有限公司","2026-04-14","2026","1","无人机侦测反制系统/平台","系统平台/管控软件","公开信息未披露","公开信息未披露","公开信息未披露","公开信息未披露","按项目类型推断；具体设备未披露","低","https://www.ccgp-neimenggu.gov.cn/gpx-bid-file/ZF_JGBM_000001/150624/2026/2/9/402881e29e8f7417019eef0b02d114dd/gpx-bidconfirm/402881d2a2e2034d01a2ee6ee102015d.pdf?accessCode=8485d3a9c882f5d7750c2e09061f22e3"
"LA-2026-0156","内蒙古","鄂尔多斯准格尔旗","准格尔旗公安低空数字警务项目（2026年采购）","准格尔旗公安局","鄂尔多斯市低空经济开发有限公司","2026-04-09","2026","1","无人机侦测反制系统/平台","系统平台/管控软件","公开信息未披露","公开信息未披露","公开信息未披露","公开信息未披露","按项目类型推断；具体设备未披露","低","https://www.ccgp.gov.cn/cggg/dfgg/zbgg/202604/t20260409_26380092.htm"
"LA-2024-0157","江西","南昌","南昌市公安局低空安全及反制设备采购项目","南昌市公安局","江西浩德实业有限公司","2024-09-12","2024","1","无人机侦测反制设备/装备","侦测反制装备/设备","公开信息未披露","公开信息未披露","公开信息未披露","公开信息未披露","按项目名称/项目类型推断；具体设备未披露","低","https://ccgp-jiangxi.gov.cn/web/jyxx/002006/002006006/20240912/0ef6daf0-bd09-42e4-b230-ea89b23c316e.html"
"LA-2025-0158","广东","茂名","广东省茂名监狱低空域智能警戒巡防系统采购项目","广东省茂名监狱","中国电信股份有限公司广东分公司","2025-05-22","2025","1","无人机侦测反制系统/平台","系统平台/管控软件","公开信息未披露","公开信息未披露","公开信息未披露","公开信息未披露","按项目类型推断；具体设备未披露","低","https://gdgpo.czt.gd.gov.cn/freecms/site/gd/ggxx/info/2025/8a7e6fc396d4b9610196e214d7bf710f.html"
"LA-2025-0159","广东","广州","广东警官学院无人机数智低空警务工程实训教学平台建设项目(二次)","广东警官学院","广州成至智能机器科技有限公司","2025-03-10","2025","1","无人机侦测反制系统/平台","系统平台/管控软件","公开信息未披露","公开信息未披露","公开信息未披露","公开信息未披露","按项目类型推断；具体设备未披露","低","https://gdgpo.czt.gd.gov.cn/freecms/site/gd/ggxx/info/2025/8a7edac09573cf4201957ae65f634c5f.html"
"LA-2025-0160","四川","成都高新","高新公安分局2025年度低空警务实战场景应用建设项目","成都市公安局高新技术产业开发区分局","四川中移通信技术工程有限公司","2025-08-18","2025","1","无人机侦测反制系统/平台","系统平台/管控软件","公开信息未披露","公开信息未披露","公开信息未披露","公开信息未披露","按项目类型推断；具体设备未披露","低","https://jy.scltzb.com/html/eltzb/jiaoyixinxi/jieguogonggao/1957344575933603842.html"
"LA-2025-0161","云南","昆明","昆明市公安局低空安全实战应用平台建设项目","昆明市公安局","公安部第三研究所","2025-12-29","2025","1","无人机侦测反制系统/平台","系统平台/管控软件","公开信息未披露","公开信息未披露","公开信息未披露","公开信息未披露","按项目类型推断；具体设备未披露","低","https://www.bbda.com/bidDetail/db58c36bfc33d74cab3babbc5873428a962b7739ded9e70b6b12d688c0f6ad35.html"
"LA-2026-0162","重庆","江北","重庆市公安局江北区分局所需低空安全防御服务项目","重庆市公安局江北区分局","重庆晟楠科技有限公司","2026-01-07","2026","1","无人机侦测反制/低空管控服务","服务/租赁","1","项服务","公开信息未披露","公开信息未披露","按项目类型推断服务包；具体设备未披露","低","https://www.bibenet.com/zfcg33349358.html"
"LA-2025-0163","浙江","杭州临安","杭州市临安区JW无人机低空安全保障服务项目","杭州市公安局临安区分局","杭州临安数智城市发展有限公司","2025-12-16","2025","1","无人机侦测反制/低空管控服务","服务/租赁","1","项服务","公开信息未披露","公开信息未披露","按项目类型推断服务包；具体设备未披露","低","https://m.sohu.com/a/965769224_122434053"
"LA-2025-0164","四川","泸州泸县","泸县“蜀警飞鹰”低空警务建设项目","泸县公安局","四川中移通信技术工程有限公司","2025-12-30","2025","1","无人机侦测反制系统/平台","系统平台/管控软件","公开信息未披露","公开信息未披露","公开信息未披露","公开信息未披露","按项目类型推断；具体设备未披露","低","https://sc.zhiliaobiaoxun.com/article/87732199"
"LA-2025-0165","福建","泉州南安","南安市低空空域智能管控系统采购项目","公开信息未披露","中国铁路通信信号股份有限公司","2025-12-26","2025","1","无人机侦测反制系统/平台","系统平台/管控软件","公开信息未披露","公开信息未披露","公开信息未披露","公开信息未披露","按项目类型推断；具体设备未披露","低","https://www.crsc.cn/8961.html"
