项目ID,省份,省内城市区域,项目名称,项目类型,项目阶段,是否直接侦测反制相关,发包采购单位,项目金额,金额万元,承建中标单位,中标公告时间,年份,来源等级,字段完整度,来源链接,证据摘要,核验备注,设备名称清单,设备类型清单,设备数量清单,设备规格型号清单,设备品牌清单,设备明细完整度,设备明细来源,设备明细备注
LA-2023-0054,内蒙古,鄂尔多斯,鄂尔多斯市公安局采购无人机侦测反制设备项目,侦测反制装备,中标/成交结果,是,鄂尔多斯市公安局,126.2000 万元,126.2,河北疆来科技有限公司,2023/6/30,2023,A-官方公告/公共资源,完整,https://www.ordosggzyjy.org.cn/TPFront/InfoDetail/?InfoID=48b84f25-1b20-4e52-87f4-e31b90bbd6bb&CategoryNum=005002003,鄂尔多斯公共资源交易公开结果披露：采购无人机侦测反制设备项目，中标金额126.2万元。,人工核验补充,无人机侦测反制设备,侦测反制装备/设备,无人机侦测反制设备：公开信息未披露,公开信息未披露,公开信息未披露,仅项目级推断,项目名称/证据摘要关键词抽取；公开信息未见数量,数量仅在公告/证据明确披露时填写；未披露的不按金额或经验倒推
LA-2025-0055,内蒙古,呼和浩特,呼和浩特市某单位 无人机反制 设备采购项目 成交公告,侦测反制装备,中标/成交结果,是,公开信息未披露,公开信息未披露,,中科星图慧安科技有限公司,2025年12月15日,2025,B-公开转载/行业平台,较完整,https://www.chinabidding.cn/zbgs/U-vzeIGYx.html,呼和浩特市某单位 无人机反制 设备采购项目 成交公告 -采购与招标网(www.... 2025年12月15日 - 序号 供应商 名称 货物 名称 货物品牌 货物型号 货物数量 货物单价(元) 1 中科星图慧安科技有限公司 无人机 反制设备 理工全盛 BAT-H1030 2套 400-006-66... www.chinabidding.cn 反馈,继承原库并规则复核,无人机侦测反制设备/装备,侦测反制装备/设备,无人机侦测反制设备/装备：公开信息未披露,公开信息未披露,公开信息未披露,仅项目级推断,按项目名称/项目类型推断；具体设备未披露,数量仅在公告/证据明确披露时填写；未披露的不按金额或经验倒推
LA-2025-0056,内蒙古,康巴什,康巴什区中轴线无人机反制系统建设项目,侦测反制系统/平台,中标/成交结果,是,鄂尔多斯市公安局康巴什分局,380.3522 万元,380.3522,中移系统集成有限公司,2025/8/21,2025,B-公开转载/行业平台,完整,https://www.zcbx.xyz/index.php?v=show&cid=93&id=654079,公开转载中标结果披露：康巴什区中轴线无人机反制系统建设项目，中标金额3803522元。,人工核验补充；待回溯内蒙古政府采购原文,无人机反制系统,系统平台/管控软件,无人机反制系统：公开信息未披露,公开信息未披露,公开信息未披露,仅项目级推断,项目名称/证据摘要关键词抽取；公开信息未见数量,数量仅在公告/证据明确披露时填写；未披露的不按金额或经验倒推
LA-2025-0057,内蒙古,未识别,某部采购 无人机反制设备 ( 中标公告,侦测反制装备,中标/成交结果,是,某部,公开信息未披露,,公开信息未披露,2025年12月1日,2025,B-公开转载/行业平台,较完整,https://nmg.bidizhaobiao.com/info-715218996.html,"某部采购 无人机反制设备 ( 中标公告 )-内蒙古招标网 2025年12月1日 - 一、项目名称:某部采购 无人机 反制设备.企业报告(供应商版)1、帮助您分析同行或者自身的 中标 金额趋势、项目规模和报价下浮率,为企业投标、报价提供参考... nmg.bidizhaobiao.com 反馈",继承原库并规则复核,无人机反制设备,侦测反制装备/设备,无人机反制设备：公开信息未披露,公开信息未披露,公开信息未披露,仅项目级推断,项目名称/证据摘要关键词抽取；公开信息未见数量,数量仅在公告/证据明确披露时填写；未披露的不按金额或经验倒推
LA-2026-0058,内蒙古,未识别,特种指挥车辆及 无人机反制设备中标 成交结果 公告,侦测反制装备,中标/成交结果,是,公开信息未披露,公开信息未披露,,公开信息未披露,2026年1月6日,2026,B-公开转载/行业平台,待复核,https://www.bidcenter.com.cn/news-399071504-4.html,特种指挥车辆及 无人机反制设备中标 成交结果 公告 -采招网 2026年1月6日 - 二、项目名称:特种指挥车辆及 无人机 反制设备.供应商名称 供应商地址 评审方法 是否价格扣除 中标 (成交)金额 评审总得分 内蒙 (略) 内蒙 (略) (略) (略... www.bidcenter.com.cn 反馈,继承原库并规则复核,无人机反制设备,侦测反制装备/设备,无人机反制设备：公开信息未披露,公开信息未披露,公开信息未披露,仅项目级推断,项目名称/证据摘要关键词抽取；公开信息未见数量,数量仅在公告/证据明确披露时填写；未披露的不按金额或经验倒推
LA-2026-0143,内蒙古,林西,林西县公安局特种指挥车辆及无人机反制设备项目,侦测反制系统/平台,中标/成交结果,是,林西县公安局,283.8680 万元,283.868,内蒙古隆昱祥科技有限公司,2026/1/6,2026,A-官方公告/公共资源,完整,https://www.ccgp-neimenggu.gov.cn/gpx-bid-file/ZF_JGBM_000001/150424/2025/12/8/402881e29a8668d8019afbe4c8147e19/gpx-bidconfirm/402881d29b2683a9019b924d25b44e4c.pdf?accessCode=a6f3937094db472eaad9ad6cad006eef,内蒙古政府采购中标（成交）明细披露：林西县公安局特种指挥车辆及无人机反制设备项目，内蒙古隆昱祥科技有限公司中标，总价283.868万元；标的明细中无人机反制设备（一）与（二）制造商为上海特金信息科技有限公司。,竞品驱动补充；品牌命中上海特金,无人机反制设备（一）；无人机反制设备（二）,侦测反制装备/设备,无人机反制设备（一）：1项；无人机反制设备（二）：1项,无人机反制设备（一）：TDD-DCMX1-AB-HEN2A，JM1；无人机反制设备（二）：TDD-DCPX1-AB-HHN1A,无人机反制设备（一）：D2C JM1；无人机反制设备（二）：H1D,明细较完整,内蒙古政府采购中标（成交）明细披露制造商为上海特金信息科技有限公司,数量仅在公告/证据明确披露时填写；未披露的不按金额或经验倒推
LA-2026-0156,内蒙古,鄂尔多斯伊金霍洛旗,伊金霍洛旗公安局低空数字警务设备采购项目,侦测反制系统/平台,中标/成交结果,是,伊金霍洛旗公安局,394.8986 万元,394.8986,公开信息未披露,2026/4/14,2026,A-官方公告/公共资源,较完整,https://www.ccgp-neimenggu.gov.cn/gpx-bid-file/ZF_JGBM_000001/150627/2026/2/19/402881e29f1bab8b019f2a3a764e1b5d/gpx-bidconfirm/402881d2a2e2034d01a329e464d50142.pdf?accessCode=f9e54e286d0c95a3ed97db6c0119d409,内蒙古政府采购中标（成交）明细披露：伊金霍洛旗公安局低空数字警务设备采购项目，中标金额394.8986万元；项目包含公安低空数字警务设备及相关平台/装备。,项目名称深度检索补入；官方PDF中供应商字段需进一步回溯正文确认,无人机侦测反制系统/平台,系统平台/管控软件,无人机侦测反制系统/平台：公开信息未披露,公开信息未披露,公开信息未披露,仅项目级推断,按项目类型推断；具体设备未披露,数量仅在公告/证据明确披露时填写；未披露的不按金额或经验倒推
LA-2026-0157,内蒙古,鄂尔多斯鄂托克旗,鄂托克旗公安局低空数字警务装备采购项目,侦测反制系统/平台,中标/成交结果,是,鄂托克旗公安局,273.9268 万元,273.9268,内蒙古迅力智能科技有限公司,2026/4/14,2026,A-官方公告/公共资源,完整,https://www.ccgp-neimenggu.gov.cn/gpx-bid-file/ZF_JGBM_000001/150624/2026/2/9/402881e29e8f7417019eef0b02d114dd/gpx-bidconfirm/402881d2a2e2034d01a2ee6ee102015d.pdf?accessCode=8485d3a9c882f5d7750c2e09061f22e3,内蒙古政府采购中标（成交）明细披露：鄂托克旗公安局低空数字警务装备采购项目，内蒙古迅力智能科技有限公司中标，中标金额273.9268万元。,项目名称深度检索补入；公安低空数字警务装备样本,无人机侦测反制系统/平台,系统平台/管控软件,无人机侦测反制系统/平台：公开信息未披露,公开信息未披露,公开信息未披露,仅项目级推断,按项目类型推断；具体设备未披露,数量仅在公告/证据明确披露时填写；未披露的不按金额或经验倒推
LA-2026-0158,内蒙古,鄂尔多斯准格尔旗,准格尔旗公安低空数字警务项目（2026年采购）,侦测反制系统/平台,中标/成交结果,是,准格尔旗公安局,485.8614 万元,485.8614,公开信息未披露,2026/4/9,2026,B-公开转载/行业平台,较完整,https://www.qianlima.com/bid-654635432.html,公开结果信息披露：准格尔旗公安低空数字警务项目2026年采购，中标金额485.8614万元，标的含低空数字智慧平台、By.tech低空数字智慧平台等内容；供应商被转载平台脱敏。,项目名称深度检索补入；同名项目与2025年采购分年保留，供应商待官方原文核验,无人机侦测反制系统/平台,系统平台/管控软件,无人机侦测反制系统/平台：公开信息未披露,公开信息未披露,公开信息未披露,仅项目级推断,按项目类型推断；具体设备未披露,数量仅在公告/证据明确披露时填写；未披露的不按金额或经验倒推
