"主需求类别","兼具需求类别","软硬件属性","省份","省内城市区域","项目名称","发包采购单位","项目金额","承建中标单位","中标公告时间","来源等级","字段完整度","来源链接","核验备注"
"日常巡防需求","无明显兼具类别","服务/租赁/咨询","安徽","池州","安徽铁塔池州市分公司 无人机反制 服务项目(第二次)( 中标公告","安徽铁塔池州市分公司","公开信息未披露","公开信息未披露","2024年12月3日","B-公开转载/行业平台","较完整","http://ah.bidizhaobiao.com/info-564361601.html","继承原库并规则复核"
"日常巡防需求","无明显兼具类别","硬件设备/装备","安徽","未识别","无人机反制 设备采购项目( 中标公告","公开信息未披露","公开信息未披露","安徽中云智能科技有限公司","2025年12月1日","B-公开转载/行业平台","较完整","https://hunan.bidizhaobiao.com/info-750910893.html","继承原库并规则复核"
"日常巡防需求","无明显兼具类别","硬件设备/装备","安徽","黄山","黄山市公安局黄山分局H2LPro手持式无人机探测定位设备采购项目","黄山市公安局黄山分局","6.0000 万元","公开信息未披露","2026-02-02","B-公开转载/行业平台","较完整","https://www.bbda.com/bidList/k1295","补充检索新增；待回溯官方原文"
"日常巡防需求","无明显兼具类别","软硬件综合/系统平台","北京","北京","无人机反制 系统 中标 成交结果公示-采招网 2024年2月1日","公开信息未披露","105.0000 万元","理工全盛(北京)科技有限公司","2024年2月1日","B-公开转载/行业平台","较完整","https://www.bidcenter.com.cn/newscontent-271172616-4.html","继承原库并规则复核"
"敏感目标防护需求","无明显兼具类别","软硬件综合/系统平台","北京","石景山","无人机领域综合科研专项-无人机学院实验室建设采购项目","公开信息未披露","公开信息未披露","北京君锋泰业科技有限公司","2025-11-21","B-公开转载/行业平台","较完整","https://www.bbda.com/bidList/k1295","补充检索新增；科研/实训平台类"
"日常巡防需求","无明显兼具类别","硬件设备/装备","福建","未识别","无人机反制 、定位设备采购项目采购结果公示-福建招标网 2025年4月3日","公开信息未披露","公开信息未披露","公开信息未披露","2025年4月3日","B-公开转载/行业平台","待复核","https://fj.bidcenter.com.cn/zbcontent-347248109-4.html","继承原库并规则复核"
"日常巡防需求","无明显兼具类别","软硬件综合/系统平台","甘肃","兰州","甘肃煤田地质局综合普查队固定式无人机侦测反制系统中标公告","甘肃煤田地质局综合普查队","100.5000 万元","兰州未徕同创测绘科技有限公司","2025-11-05","B-公开转载/行业平台","完整","https://www.bbda.com/bidList/k1295","补充检索新增；待回溯官方原文"
"日常巡防需求","无明显兼具类别","软硬件综合/系统平台","甘肃","未识别","无人机反制 系统采购项目( 中标公告","公开信息未披露","186.0544 万元","公开信息未披露","2025年12月1日","B-公开转载/行业平台","较完整","https://gs.bidizhaobiao.com/info-752059557.html","依据项目名/采购人/证据摘要从[北京]校正为[甘肃]"
"日常巡防需求","无明显兼具类别","硬件设备/装备","广东","未识别","某单位采购无人机反制设备项目","公开信息未披露","公开信息未披露","公开信息未披露","2024-08-30","B-公开转载/行业平台","待复核","https://www.zhiliaobiaoxun.com/detail/448113967b2E1A03245c.html","继承原库并规则复核"
"敏感目标防护需求","日常巡防需求","软硬件综合/系统平台","广东","惠州","惠州市公安局大亚湾经济技术开发区分局大亚湾石化区天海地一体化综合防控系统建设项目（第二次）","惠州市公安局大亚湾经济技术开发区分局","公开信息未披露","公开信息未披露","2025-12-15","B-公开转载/行业平台","较完整","https://www.bbda.com/bidList/k1295","补充检索新增；石化区敏感目标类"
"敏感目标防护需求","无明显兼具类别","软硬件综合/系统平台","广东","江门台山","台山核电低空防御系统相关设备采购成交项目","台山核电合营有限公司/中广核相关单位","公开信息未披露","中广核数字科技有限公司","2025-12-12","B-公开转载/行业平台","较完整","https://www.bbda.com/bidList/k1295","补充检索新增；核电敏感目标类"
"敏感目标防护需求","无明显兼具类别","软硬件综合/系统平台","广东","深圳","东部电厂固定式 无人机反制 防御系统设备采购( 中标公告","公开信息未披露","公开信息未披露","深圳能源集团股份有限公司","2025年12月1日","B-公开转载/行业平台","较完整","https://gd.bidizhaobiao.com/info-723547342.html","继承原库并规则复核"
"重大活动保障需求","日常巡防需求","硬件设备/装备","广东","深圳","龙华分局购置十五运无人机反制设备采购项目","深圳市公安局龙华分局","95.5000 万元","江门市亿豪警用装备科技有限公司","2025-08-21","B-公开转载/行业平台","完整","https://www.szyd11.com/tender/win/detail?TenderId=16753","人工核验补充"
"敏感目标防护需求","日常巡防需求","硬件设备/装备","广东","深圳","深圳市公安局罗湖分局2025年下半年分局无人机及侦测反制设备采购项目（重新招标）","深圳市公安局罗湖分局","331.9600 万元","中科星图股份有限公司","2026-01-19","B-公开转载/行业平台","完整","https://www.aamshanghai.com/jiangsu-yancheng-low-drone-bidding.html","人工核验补充；待回溯深圳政府采购原文"
"日常巡防需求","无明显兼具类别","服务/租赁/咨询","广西","钦州","钦州市某单位采购 无人机反制设备 ( 中标公告","公开信息未披露","公开信息未披露","广西正阳科技发展有限公司","2025年12月1日","B-公开转载/行业平台","较完整","https://gx.bidizhaobiao.com/info-736635266.html","继承原库并规则复核"
"日常巡防需求","无明显兼具类别","硬件设备/装备","贵州","贵安","无人机反制设备竞价成交公告","贵安新区公安局","36.9700 万元","公开信息未披露","2025年08月27日","B-公开转载/行业平台","较完整","https://www.bid110.com/view/824/y8cc55gBVX3Ep-czWBoe.html","依据项目名/采购人/证据摘要从[北京]校正为[贵州]"
"日常巡防需求","无明显兼具类别","硬件设备/装备","贵州","贵阳","贵阳市 无人机反制 设备竞价 成交公告","公开信息未披露","公开信息未披露","公开信息未披露","2025年8月12日","B-公开转载/行业平台","待复核","https://gz.bidcenter.com.cn/zbcontent-373871343-4.html","继承原库并规则复核"
"日常巡防需求","无明显兼具类别","硬件设备/装备","贵州","黔东南","黔东南州公安局采购无人机及无人机反制设备中标（成交）公告","贵州省黔东南苗族侗族自治州公安局","公开信息未披露","公开信息未披露","2025年11月7日","B-公开转载/行业平台","较完整","https://www.bid110.com/view/461/WMJSXJoBg7S5K-631FlI.html","依据项目名/采购人/证据摘要从[北京]校正为[贵州]"
"日常巡防需求","无明显兼具类别","服务/租赁/咨询","贵州","贵阳","贵阳市公安局无人机反制设备采购项目","贵阳市公安局","公开信息未披露","公开信息未披露","2026年5月7日","B-公开转载/行业平台","较完整","https://www.okcis.cn/20260507-n3-20260507234734360225.html","修正：原发包采购单位字段误入整段转载摘要，按摘要中明确采购主体更正；具体分局待回溯官方原文"
"日常巡防需求","无明显兼具类别","软硬件综合/系统平台","贵州","未识别","无人机反制 系统采购项目 中标 (成交)结果公示 2026年3月24日","公开信息未披露","公开信息未披露","公开信息未披露","2026年3月24日","B-公开转载/行业平台","待复核","https://www.okcis.cn/20260324-n3-20260324160318206335.html","继承原库并规则复核"
"敏感目标防护需求","无明显兼具类别","软硬件综合/系统平台","河北","唐山","陡河水库 无人机反制系统 双盲评审公开招标 中标公告","唐山市陡河水库事务中心","公开信息未披露","公开信息未披露","2025年6月19日","B-公开转载/行业平台","较完整","https://www.bidcenter.com.cn/news-362127167-4.html","继承原库并规则复核"
"日常巡防需求","无明显兼具类别","软硬件综合/系统平台","河北","秦皇岛","秦皇岛市公安局无人机管控前端系统升级项目","秦皇岛市公安局","279.5000 万元","中国铁塔股份有限公司秦皇岛市分公司、河北梓墨电子科技有限公司","2026-03-30","B-公开转载/行业平台","完整","https://www.aamshanghai.com/jiangsu-yancheng-low-drone-bidding.html","补充检索新增；常态化管控类"
"敏感目标防护需求","日常巡防需求","硬件设备/装备","黑龙江","大兴安岭","大兴安岭边境管理支队 无人机反制 设备采购项目( 中标公告","大兴安岭边境管理支队","公开信息未披露","公开信息未披露","2024年9月19日","B-公开转载/行业平台","较完整","https://hlj.bidizhaobiao.com/info-532368962.html","继承原库并规则复核"
"敏感目标防护需求","无明显兼具类别","软硬件综合/系统平台","黑龙江","未识别","某部 无人机反制 系统采购项目( 中标公告","某部","公开信息未披露","福建灵信信息科技有限公司","2024年12月5日","B-公开转载/行业平台","较完整","https://hlj.bidizhaobiao.com/info-565506186.html","继承原库并规则复核；标题为中标/成交结果，阶段修正"
"日常巡防需求","无明显兼具类别","硬件设备/装备","黑龙江","丰林","丰林县公安局 无人机反制 装备比价比价采购 成交公告 2025年11月7日","丰林县公安局","公开信息未披露","公开信息未披露","2025年11月7日","B-公开转载/行业平台","较完整","https://www.jianyu360.cn/nologin/content/ABCY1xrdikFGSg7JGd0dXUJJSQ4QCFjYXx0KTggOSEwXlVwHAFUCXE%3D.html","继承原库并规则复核"
"敏感目标防护需求","无明显兼具类别","硬件设备/装备","黑龙江","未识别","某部无人机及反制设备采购项目","某部","公开信息未披露","公开信息未披露","2025年7月31日","B-公开转载/行业平台","较完整","https://hlj.bidcenter.com.cn/zbcontent-370836117-4.html","修正：原发包采购单位字段误入“受业主委托”平台语，按项目标题更正为某部"
"敏感目标防护需求","日常巡防需求","硬件设备/装备","黑龙江","绥化","绥化市公安局无人机与无人机反制设备采购项目","绥化市公安局","157.8189 万元","黑龙江省铭腾科技有限公司","2026-01-16","B-公开转载/行业平台","完整","https://m.sohu.com/a/976721051_122434053","人工核验补充；待回溯黑龙江政府采购原文"
"重大活动保障需求","日常巡防需求","服务/租赁/咨询","湖北","武汉","武汉东湖新技术开发区分局光谷马拉松无人机反制租赁服务项目","武汉东湖新技术开发区分局","公开信息未披露","武汉优一硕智能应用科技有限公司","2025-10-20","B-公开转载/行业平台","较完整","https://www.bbda.com/bidList/k1295","补充检索新增；重大活动保障类"
"重大活动保障需求","日常巡防需求","服务/租赁/咨询","湖南","长沙","长沙市公安局天心分局警保卫大队关于无人机反制服务的竞价竞价成交公告","公开信息未披露","公开信息未披露","公开信息未披露","2026年01月28日","B-公开转载/行业平台","待复核","https://www.chinamae.com/purchases/e6acdaa5c2b53548354b67324ab1c7e8.html","依据项目名/采购人/证据摘要从[北京]校正为[湖南]"
"日常巡防需求","无明显兼具类别","硬件设备/装备","吉林","未识别","无人机反制 设备 中标 结果-采招网 2024年5月13日","公开信息未披露","48.2800 万元","公开信息未披露","2024年5月13日","B-公开转载/行业平台","较完整","https://www.bidcenter.com.cn/newscontent-284812772-4.html","继承原库并规则复核"
"日常巡防需求","无明显兼具类别","硬件设备/装备","江苏","未识别","2024年无人机侦测反制设备采购项目中标公告","公开信息未披露","公开信息未披露","公开信息未披露","2024-07-29","B-公开转载/行业平台","待复核","https://www.zhiliaobiaoxun.com/detail/444740462b2E5CE70DEa.html","依据项目名/采购人/证据摘要从[北京]校正为[江苏]"
"日常巡防需求","无明显兼具类别","硬件设备/装备","江苏","未识别","中国电信 中标 结果: 太湖之鹰 无人机 及 反制 设备采购项目 中标公告 _股票... 2024年11月26日","公开信息未披露","公开信息未披露","公开信息未披露","2024年11月26日","B-公开转载/行业平台","待复核","https://stock.stockstar.com/RB2024112600036112.shtml","继承原库并规则复核"
"敏感目标防护需求","日常巡防需求","软硬件综合/系统平台","江苏","无锡","无锡市公安局梁溪分局无人机反制系统采购项目","无锡市公安局梁溪分局","56.1000 万元","无锡蓝天翱翔智能科技有限公司","2024-11-08","B-公开转载/行业平台","完整","https://www.fdzb119.com/zhaobiao/123745.html","人工核验补充；待回溯江苏政府采购原文"
"园区运营需求","无明显兼具类别","硬件设备/装备","江苏","连云港","连云港腾云低空智联低空安防试验示范基地无人机反制装置零部件采购项目","连云港腾云低空智联科技有限公司","89.6000 万元","连云港润飒科技有限公司","2025-11-05","B-公开转载/行业平台","完整","https://www.bbda.com/bidList/k1295","补充检索新增；园区/试验示范基地类"
"日常巡防需求","无明显兼具类别","硬件设备/装备","江苏","未识别","某单位 无人机反制 设备采购项目(中标 公告","某单位","公开信息未披露","公开信息未披露","2025年12月1日","B-公开转载/行业平台","较完整","https://js.bidizhaobiao.com/info-747498015.html","继承原库并规则复核"
"日常巡防需求","无明显兼具类别","服务/租赁/咨询","江苏","未识别","无人机反制 设备(中标 公告","公开信息未披露","公开信息未披露","江苏中瀚工程项目管理咨询有限公司","2025年12月1日","B-公开转载/行业平台","较完整","https://js.bidizhaobiao.com/info-527019076.html","继承原库并规则复核"
"日常巡防需求","无明显兼具类别","硬件设备/装备","江苏","未识别","无人机反制 设备采购( 中标公告","公开信息未披露","236000.00 (元)","云上筋斗(南京)科技有限公司","2025年12月1日","B-公开转载/行业平台","较完整","https://shaanxi.bidizhaobiao.com/info-745858052.html","依据项目名/采购人/证据摘要从[陕西]校正为[江苏]"
"日常巡防需求","无明显兼具类别","软硬件综合/系统平台","江苏","连云港","连云港市公安局车载式无人机反制系统购买中标公告","连云港市公安局","公开信息未披露","公开信息未披露","2026年4月3日","B-公开转载/行业平台","较完整","https://www.zhiliaobiaoxun.com/article/95096299","依据项目名/采购人/证据摘要从[北京]校正为[江苏]"
"敏感目标防护需求","无明显兼具类别","硬件设备/装备","江苏","南京","江苏省龙潭监狱无人机反制设备采购项目","江苏省龙潭监狱","2.8789 万元","南京冠航智能科技有限公司","2026-02-06","B-公开转载/行业平台","完整","https://www.bbda.com/bidList/k1295","补充检索新增；监狱敏感目标类"
"日常巡防需求","无明显兼具类别","硬件设备/装备","江西","南昌","南昌市 无人机反制 装备项目采购公告竞价 成交公告","公开信息未披露","10.4500 万元","公开信息未披露","2025年12月9日","B-公开转载/行业平台","较完整","https://jx.bidcenter.com.cn/zbcontent-394187096-4.html","继承原库并规则复核"
"日常巡防需求","无明显兼具类别","服务/租赁/咨询","江西","崇仁","崇仁县公安局无人机反制设备采购项目","崇仁县公安局","公开信息未披露","公开信息未披露","2026年4月1日","B-公开转载/行业平台","较完整","https://www.ixbang.com/bid/detail/3C831D33919D937FC2E8DA122B0151D4.html","修正：原发包采购单位字段误入整段转载摘要，按摘要中“崇仁县公安局”更正"
"日常巡防需求","无明显兼具类别","硬件设备/装备","江西","南昌","赣江新区公安局无人机侦测预警设备采购项目","赣江新区公安局","92.5000 万元","鉴真防务技术（上海）有限公司","2026-01-20","B-公开转载/行业平台","完整","https://www.bbda.com/bidList/k1295","人工核验补充；待回溯江西公共资源原文"
"日常巡防需求","无明显兼具类别","硬件设备/装备","辽宁","抚顺","采购无人机反制设备结果公告","抚顺市公安局","公开信息未披露","安徽金龙泰安安全设备有限公司","2025年8月27日","B-公开转载/行业平台","较完整","https://www.bid110.com/view/105/5sd16pgBVX3Ep-cz3XON.html","依据项目名/采购人/证据摘要从[北京]校正为[山东]"
"日常巡防需求","无明显兼具类别","硬件设备/装备","辽宁","未识别","无人机反制 设备采购( 中标公告 )-辽宁招标网 2025年12月1日","公开信息未披露","公开信息未披露","公开信息未披露","2025年12月1日","B-公开转载/行业平台","待复核","https://ln.bidizhaobiao.com/info-759674880.html","继承原库并规则复核"
"日常巡防需求","无明显兼具类别","硬件设备/装备","辽宁","未识别","无人机反制设备中标公告","公开信息未披露","公开信息未披露","公开信息未披露","2025年01月17日","B-公开转载/行业平台","较完整","https://www.qianlima.com/bid-481110012.html","修正：原发包采购单位字段误入评审确认语，公开摘要未识别采购主体"
"敏感目标防护需求","日常巡防需求","软硬件综合/系统平台","辽宁","沈阳","沈阳铁路公安局无人机反制系统采购项目中标公告","沈阳铁路公安局","224.9850 万元","北京延创科技有限责任公司","2026年4月3日","B-公开转载/行业平台","完整","https://www.zhiliaobiaoxun.com/article/95098321","依据项目名/采购人/证据摘要从[北京]校正为[辽宁]"
"日常巡防需求","无明显兼具类别","硬件设备/装备","内蒙古","呼和浩特","呼和浩特市某单位 无人机反制 设备采购项目 成交公告","公开信息未披露","公开信息未披露","中科星图慧安科技有限公司","2025年12月15日","B-公开转载/行业平台","较完整","https://www.chinabidding.cn/zbgs/U-vzeIGYx.html","继承原库并规则复核"
"敏感目标防护需求","日常巡防需求","软硬件综合/系统平台","内蒙古","康巴什","康巴什区中轴线无人机反制系统建设项目","鄂尔多斯市公安局康巴什分局","380.3522 万元","中移系统集成有限公司","2025-08-21","B-公开转载/行业平台","完整","https://www.zcbx.xyz/index.php?v=show&cid=93&id=654079","人工核验补充；待回溯内蒙古政府采购原文"
"敏感目标防护需求","无明显兼具类别","硬件设备/装备","内蒙古","未识别","某部采购 无人机反制设备 ( 中标公告","某部","公开信息未披露","公开信息未披露","2025年12月1日","B-公开转载/行业平台","较完整","https://nmg.bidizhaobiao.com/info-715218996.html","继承原库并规则复核"
"日常巡防需求","无明显兼具类别","硬件设备/装备","内蒙古","未识别","特种指挥车辆及 无人机反制设备中标 成交结果 公告","公开信息未披露","公开信息未披露","公开信息未披露","2026年1月6日","B-公开转载/行业平台","待复核","https://www.bidcenter.com.cn/news-399071504-4.html","继承原库并规则复核"
"敏感目标防护需求","日常巡防需求","软硬件综合/系统平台","宁夏","石嘴山","石嘴山市公安局无人机教培、警务应用及反制项目","石嘴山市公安局","公开信息未披露","宁夏中宇网安科技有限公司","2025-05-09","B-公开转载/行业平台","较完整","https://www.bbda.com/bidList/k1295","补充检索新增；待回溯宁夏政府采购原文"
"日常巡防需求","无明显兼具类别","软硬件综合/系统平台","青海","未识别","某单位 无人机反制系统 采购( 中标公告","某单位","公开信息未披露","公开信息未披露","2025年12月1日","B-公开转载/行业平台","较完整","https://qh.bidizhaobiao.com/info-725700531.html","继承原库并规则复核"
"日常巡防需求","无明显兼具类别","硬件设备/装备","山东","山亭","山亭公安分局无人机反制装备项目","山亭公安分局","公开信息未披露","公开信息未披露","2023年12月22日","B-公开转载/行业平台","较完整","https://m.bidcenter.com.cn/newsrili-4-265755663.html","修正：原发包采购单位字段误入转载标题和关注语，按摘要可识别主体更正"
"敏感目标防护需求","无明显兼具类别","硬件设备/装备","山东","东营","东营机场无人机反制设备采购项目","东营机场","公开信息未披露","公开信息未披露","2024年12月9日","B-公开转载/行业平台","较完整","https://sd.bidizhaobiao.com/info-567616680.html","修正：原发包采购单位字段误入整段转载摘要，按项目名称和摘要中明确主体更正"
"日常巡防需求","无明显兼具类别","硬件设备/装备","山东","济南","济南市公安局特巡警支队 无人机反制 设备项目 中标公告","济南市公安局特巡警支队","公开信息未披露","公开信息未披露","2024年7月18日","B-公开转载/行业平台","较完整","https://www.bidcenter.com.cn/news-298684773-4.html","修正：原发包采购单位字段重复拼入项目标题，已保留明确采购主体"
"日常巡防需求","无明显兼具类别","硬件设备/装备","山东","禹城","禹城市公安局无人机反制设备采购项目","禹城市公安局","公开信息未披露","山东品美信息科技有限公司","2024年12月6日","B-公开转载/行业平台","较完整","https://www.bidcenter.com.cn/news-329016404-4.html","修正：原发包采购单位字段误入整段采招网转载摘要，按摘要中明确采购主体更正"
"日常巡防需求","无明显兼具类别","软硬件综合/系统平台","山东","未识别","无人机反制 设备采购 中标公告","公开信息未披露","公开信息未披露","公开信息未披露","2025年6月18日","B-公开转载/行业平台","待复核","https://www.ixbang.com/bid/detail/71B296DEC8E3C114AF9705DA0CA65FAB.html","继承原库并规则复核"
"日常巡防需求","无明显兼具类别","服务/租赁/咨询","山东","未识别","无人机反制 设备租赁服务( 中标公告","公开信息未披露","公开信息未披露","公开信息未披露","2025年1月3日","B-公开转载/行业平台","待复核","https://sd.bidizhaobiao.com/info-579941578.html","继承原库并规则复核"
"日常巡防需求","无明显兼具类别","硬件设备/装备","山西","保德","保德县 无人机反制设备 采购 中标公告","公开信息未披露","公开信息未披露","公开信息未披露","2025年12月18日","B-公开转载/行业平台","待复核","https://sxs.bidcenter.com.cn/zbcontent-395864964-4.html","继承原库并规则复核"
"日常巡防需求","无明显兼具类别","硬件设备/装备","山西","介休","介休市公安局 无人机 及 无人机反制 设备采购( 中标公告","介休市公安局","公开信息未披露","公开信息未披露","2025年7月16日","B-公开转载/行业平台","较完整","https://shanxi.bidizhaobiao.com/info-651819174.html","继承原库并规则复核"
"日常巡防需求","无明显兼具类别","软硬件综合/系统平台","山西","太原","太原市晋阳公寓 无人机反制系统 二次合同 公告","公开信息未披露","公开信息未披露","公开信息未披露","2025年9月19日","B-公开转载/行业平台","待复核","https://sxs.bidcenter.com.cn/zbcontent-380003709-4.html","继承原库并规则复核"
"日常巡防需求","无明显兼具类别","硬件设备/装备","陕西","陕西省","购买 无人机反制设备 ( 中标公告","公开信息未披露","公开信息未披露","公开信息未披露","2025年12月1日","B-公开转载/行业平台","待复核","https://shaanxi.bidizhaobiao.com/info-717597249.html","继承原库并规则复核"
"日常巡防需求","无明显兼具类别","硬件设备/装备","陕西","未识别","无人机反制设备采购结果公告（2025-JKFDLB-W3023）","公开信息未披露","26.4900 万元","天津云翔无人机科技有限公司","2025年12月17日","B-公开转载/行业平台","待复核","https://www.zhiliaobiaoxun.com/detail/495198984b24e40eaabd.html","修正：原省内城市区域误取供应商所在地“天津”，改为未识别；补入公开摘要披露的第一名供应商和报价"
"日常巡防需求","无明显兼具类别","硬件设备/装备","陕西","未识别","无人机反制 设备项目( 中标公告","公开信息未披露","38800.00 (元)","北京中宇万通科技股份有限公司","2025年12月1日","B-公开转载/行业平台","较完整","https://shaanxi.bidizhaobiao.com/info-729987342.html","依据项目名/采购人/证据摘要从[北京]校正为[陕西]"
"日常巡防需求","无明显兼具类别","硬件设备/装备","陕西","西安","******","公开信息未披露","91.6500 万元","公开信息未披露","2025年09月23日","B-公开转载/行业平台","较完整","https://www.chinamae.com/purchases/c19cea9e9971d343612d7ae4fe77f8a3.html","依据项目名/采购人/证据摘要从[北京]校正为[陕西]"
"敏感目标防护需求","无明显兼具类别","服务/租赁/咨询","陕西","西安咸阳","西安咸阳国际机场股份有限公司无人机反制车租赁项目","西安咸阳国际机场股份有限公司","公开信息未披露","公开信息未披露","2026年1月5日","B-公开转载/行业平台","较完整","https://www.bidcenter.com.cn/news-398824934-4.html","修正：原承建中标单位字段误入“中国采招网于2026年01月05日发布...”平台发布语，已改为公开信息未披露"
"敏感目标防护需求","无明显兼具类别","硬件设备/装备","未识别","未识别","基站式 无人机反制 设备采购项目 中标 结果 公告","公开信息未披露","公开信息未披露","公开信息未披露","2023年2月10日","A-官方公告/公共资源","待复核","http://www.ccgp.gov.cn/cggg/dfgg/zbgg/202302/t20230210_19438686.htm","脱敏或转载信息不足，未强行归省"
"日常巡防需求","无明显兼具类别","硬件设备/装备","未识别","未识别","某单位便携式 无人机反制 枪 成交公告","某单位","公开信息未披露","公开信息未披露","2024年12月25日","B-公开转载/行业平台","待复核","https://www.bidcenter.com.cn/news-331919403-4.html","脱敏或转载信息不足，未强行归省"
"日常巡防需求","无明显兼具类别","硬件设备/装备","未识别","未识别","特警大队无人机反制设备采购项目成交公告","公开信息未披露","公开信息未披露","公开信息未披露","2024年04月08日","B-公开转载/行业平台","待复核","https://www.qianlima.com/bid-412879753.html","脱敏或转载信息不足，未强行归省；原表北京值已剔除"
"日常巡防需求","无明显兼具类别","硬件设备/装备","未识别","未识别","无人机反制 设备采购项目中标结果 公告","公开信息未披露","公开信息未披露","公开信息未披露","2024年12月6日","B-公开转载/行业平台","待复核","https://m.bidcenter.com.cn/news-4-327448124.html","脱敏或转载信息不足，未强行归省"
"日常巡防需求","无明显兼具类别","软硬件综合/系统平台","未识别","未识别","无人机反制 设施检测系统项目中标 成交 结果 公告","公开信息未披露","公开信息未披露","公开信息未披露","2024年7月2日","B-公开转载/行业平台","待复核","https://www.bidcenter.com.cn/news-294800126-4.html","脱敏或转载信息不足，未强行归省；原表北京值已剔除"
"日常巡防需求","无明显兼具类别","硬件设备/装备","未识别","未识别","******","公开信息未披露","186.0000 万元","公开信息未披露","2025年09月23日","B-公开转载/行业平台","待复核","https://www.chinamae.com/purchases/567ae03600cb204b61a6bdc2ff593907.html","脱敏或转载信息不足，未强行归省；原表北京值已剔除"
"敏感目标防护需求","无明显兼具类别","硬件设备/装备","未识别","未识别","•某部 无人机反制 装备采购项目 中标 结果 公告","公开信息未披露","公开信息未披露","公开信息未披露","2025年1月8日","B-公开转载/行业平台","待复核","https://www.zhaobiaoziyuan.com/detail/677e4b19044491747fb1370a.html","脱敏或转载信息不足，未强行归省"
"日常巡防需求","无明显兼具类别","硬件设备/装备","未识别","未识别","采购 无人机反制 设备竞价 成交公告","...","公开信息未披露","公开信息未披露","2025年6月8日","B-公开转载/行业平台","待复核","https://rl.zhaobiao.cn/succeed_v_dfb78bc391885e3ad7dad921b06ddd6a.html","脱敏或转载信息不足，未强行归省"
"日常巡防需求","无明显兼具类别","软硬件综合/系统平台","未识别","未识别","车载 无人机反制 系统改装 中标公告","公开信息未披露","公开信息未披露","公开信息未披露","2025年12月3日","B-公开转载/行业平台","待复核","https://www.bidcenter.com.cn/news-393042941-4.html","脱敏或转载信息不足，未强行归省"
"日常巡防需求","无明显兼具类别","硬件设备/装备","未识别","未识别","关于无人机侦测反制设备采购项目","公开信息未披露","公开信息未披露","公开信息未披露","2025年12月14日","B-公开转载/行业平台","待复核","https://www.zhiliaobiaoxun.com/detail/494886464b2e65eaeaed.html","脱敏或转载信息不足，未强行归省；原表北京值已剔除"
"敏感目标防护需求","无明显兼具类别","硬件设备/装备","未识别","未识别","某部 无人机反制 装备采购项目 中标公告","某部","公开信息未披露","公开信息未披露","2025年1月8日","B-公开转载/行业平台","待复核","https://m.zhaobiao.cn/zb/succeed_v_01edfc6375743b888c1d8c49187c29bc.html","脱敏或转载信息不足，未强行归省"
"敏感目标防护需求","无明显兼具类别","服务/租赁/咨询","未识别","未识别","某部无人机反制系统建设-某部无人机反制系统建设成交结果公告","公开信息未披露","公开信息未披露","公开信息未披露","2025年11月12日","B-公开转载/行业平台","待复核","https://www.qianlima.com/bid-552832326.html","脱敏或转载信息不足，未强行归省；原表北京值已剔除"
"日常巡防需求","无明显兼具类别","硬件设备/装备","未识别","未识别","无人机反制 设备第二批采购项目 中标 成交结果 公告","公开信息未披露","公开信息未披露","公开信息未披露","2025年9月17日","B-公开转载/行业平台","待复核","https://www.bidcenter.com.cn/newscontent-379582703-4.html","脱敏或转载信息不足，未强行归省"
"日常巡防需求","无明显兼具类别","硬件设备/装备","未识别","未识别","无人机反制器材竞价成交公告","某单位","公开信息未披露","公开信息未披露","2025年08月14日","B-公开转载/行业平台","待复核","https://www.zhiliaobiaoxun.com/article/73683688","脱敏或转载信息不足，未强行归省；原表北京值已剔除"
"日常巡防需求","无明显兼具类别","硬件设备/装备","未识别","未识别","无人机反制枪采购项目","公开信息未披露","公开信息未披露","公开信息未披露","2025年07月29日","B-公开转载/行业平台","待复核","https://www.qianlima.com/bid-526557419.html","脱敏或转载信息不足，未强行归省"
"日常巡防需求","无明显兼具类别","硬件设备/装备","未识别","未识别","无人机反制设备 采购 中标公告","公开信息未披露","公开信息未披露","公开信息未披露","2025年6月10日","B-公开转载/行业平台","待复核","https://www.bidcenter.com.cn/newscontent-360279871-4.html","脱敏或转载信息不足，未强行归省"
"日常巡防需求","无明显兼具类别","软硬件综合/系统平台","未识别","未识别","无人机反制系统 采购( 中标公告","公开信息未披露","公开信息未披露","公开信息未披露","2025年12月1日","B-公开转载/行业平台","待复核","https://bj.bidizhaobiao.com/info-715431177.html","脱敏或转载信息不足，未强行归省；原表北京值已剔除"
"日常巡防需求","无明显兼具类别","软硬件综合/系统平台","未识别","未识别","无人机反制系统采购项目","公开信息未披露","公开信息未披露","公开信息未披露","2025年03月06日","B-公开转载/行业平台","待复核","https://www.qianlima.com/bid-489164406.html","脱敏或转载信息不足，未强行归省；原表北京值已剔除"
"日常巡防需求","无明显兼具类别","软硬件综合/系统平台","未识别","未识别","固定式 无人机反制 设备采购竞价 成交公告 竞价公告-采购与招标网(www.... 2026年4月2日","公开信息未披露","公开信息未披露","公开信息未披露","2026年4月2日","B-公开转载/行业平台","待复核","https://www.chinabidding.cn/zbgs/U-vzrodMB.html","脱敏或转载信息不足，未强行归省"
"日常巡防需求","无明显兼具类别","硬件设备/装备","未识别","未识别","无人机 及 无人机反制设备 采购项目 中标公告","公开信息未披露","公开信息未披露","公开信息未披露","2026年1月27日","B-公开转载/行业平台","待复核","https://www.bidcenter.com.cn/news-403044302-4.html","脱敏或转载信息不足，未强行归省"
"日常巡防需求","无明显兼具类别","硬件设备/装备","未识别","未识别","无人机反制 设备采购项目 中标 成交结果 公告","公开信息未披露","公开信息未披露","公开信息未披露","2026年1月4日","B-公开转载/行业平台","待复核","https://www.bidcenter.com.cn/news-398309565-4.html","脱敏或转载信息不足，未强行归省"
"日常巡防需求","无明显兼具类别","硬件设备/装备","未识别","未识别","无人机反制 设备竞价 成交公告","公开信息未披露","公开信息未披露","公开信息未披露","2026年1月7日","B-公开转载/行业平台","待复核","https://www.okcis.cn/20260107-n3-20260107180632501265.html","脱敏或转载信息不足，未强行归省"
"日常巡防需求","无明显兼具类别","硬件设备/装备","新疆","未识别","无人机反制 设备竞价 成交公告","公开信息未披露","公开信息未披露","公开信息未披露","2024年9月11日","B-公开转载/行业平台","待复核","https://rl.zhaobiao.cn/succeed_v_630b3f8e3205b4b7bf2a1f67c810efa3.html","修正：原发包采购单位为“--”，规范为公开信息未披露"
"日常巡防需求","无明显兼具类别","硬件设备/装备","新疆","乌什","乌什县公安局购买无人机反制装备采购项目（二次）","乌什县公安局","公开信息未披露","公开信息未披露","2024年9月27日","B-公开转载/行业平台","较完整","https://xinjiang.zhaobiao.cn/succeed_v_100563878.html","修正：原发包采购单位字段误入项目标题和转载摘要，按明确采购主体更正"
"日常巡防需求","无明显兼具类别","硬件设备/装备","新疆","巴音郭楞","无人机反制设备采购竞价成交公告","新疆维吾尔自治区巴音郭楞某单位","公开信息未披露","新疆轩志信息科技有限公司","2025年02月25日","B-公开转载/行业平台","较完整","https://www.jianyu360.cn/article/bdprivate/BVrMiE7ZXMBZQ4oJCc7NCMKH3FlXU8OWRYgKyMjBwJVeXZ1IApcB%2BA%3D.html","依据项目名/采购人/证据摘要从[北京]校正为[新疆]"
"日常巡防需求","无明显兼具类别","软硬件综合/系统平台","新疆","达坂城","达坂城区 无人机反制 系统竞价 成交公告","公开信息未披露","24.3000 万元","公开信息未披露","2025年5月23日","B-公开转载/行业平台","较完整","https://xj.bidcenter.com.cn/zbcontent-356752206-4.html","继承原库并规则复核"
"日常巡防需求","无明显兼具类别","硬件设备/装备","新疆","克州","克州GAJ（特警支队）无人机反制侦测相关设备采购项目","克州GAJ（特警支队）","公开信息未披露","新疆尚维飞创电子科技有限公司","2025年12月1日","B-公开转载/行业平台","较完整","https://xj.bidizhaobiao.com/info-599920271.html","修正：原发包采购单位字段误入整段合同摘要，保留可识别采购主体和供应商"
"日常巡防需求","无明显兼具类别","硬件设备/装备","新疆","墨玉","墨玉县某单位 无人机 及 反制 设备二次 中标 结果-采招网 2025年12月17日","公开信息未披露","公开信息未披露","公开信息未披露","2025年12月17日","B-公开转载/行业平台","待复核","https://www.bidcenter.com.cn/news-396480806-4.html","继承原库并规则复核"
"园区运营需求","敏感目标防护需求；日常巡防需求","软硬件综合/系统平台","新疆","未识别","无人机反制系统及无人机机场式巡逻系统采购项目","兵团第二单位","公开信息未披露","公开信息未披露","2025年10月30日","B-公开转载/行业平台","较完整","https://www.chinabiddingzb.com/read-670286095.html","修正：原发包采购单位字段误入整段转载摘要，按摘要可识别主体更正；具体单位全称待回溯官方原文"
"日常巡防需求","无明显兼具类别","硬件设备/装备","新疆","玛纳斯","玛纳斯县GAJ警用无人机反制设备竞价成交公告","公开信息未披露","公开信息未披露","公开信息未披露","2026年04月10日","B-公开转载/行业平台","待复核","https://www.qianlima.com/bid-588543827.html","依据项目名/采购人/证据摘要从[北京]校正为[新疆]"
"日常巡防需求","无明显兼具类别","软硬件综合/系统平台","新疆","未识别","无人机反制系统 设备采购项目采购结果公示(2026-JLJFEC-W1001)_ 中标 ... 2026年3月25日","公开信息未披露","公开信息未披露","公开信息未披露","2026年3月25日","B-公开转载/行业平台","待复核","https://rl.zhaobiao.cn/succeed_v_7ecc2fca91799410860f6baa0ac780d5.html","依据项目名/采购人/证据摘要从[未识别]校正为[新疆]"
"敏感目标防护需求","无明显兼具类别","硬件设备/装备","云南","未识别","某部无人机反制装备采购项目中标结果公告","某部","公开信息未披露","中国联合网络通信有限公司西双版纳傣族自治州分公司","2024年12月18日","B-公开转载/行业平台","较完整","https://www.jianyu360.cn/article/bdprivate/BGFMiE8dnNJYQgxNF47NCMKH3FlXU8OWRYgPBk3CgJVQ3R1JwpcCG0%3D.html","依据项目名/采购人/证据摘要从[北京]校正为[云南]"
"日常巡防需求","无明显兼具类别","硬件设备/装备","云南","昆明","昆明市 无人机反制设备 采购项目 中标 结果 公告","(略)","公开信息未披露","公开信息未披露","2025年10月16日","B-公开转载/行业平台","较完整","https://yn.bidcenter.com.cn/zbcontent-384156006-4.html","按项目地/采购人修正，供应商所在地不参与归省"
"敏感目标防护需求","无明显兼具类别","硬件设备/装备","云南","未识别","某部无人机反制装备采购项目","某部","46.3286 万元","中国联合网络通信有限公司西双版纳傣族自治州分公司","2025年1月8日","B-公开转载/行业平台","完整","https://www.163.com/dy/article/JLD42AML05317V0G.html","修正：原发包采购单位字段误入“网易订阅/框架招标项目”转载栏目名，按项目标题更正为某部"
"敏感目标防护需求","无明显兼具类别","硬件设备/装备","云南","未识别","某部无人机反制装备采购项目中标公告","某部","46.3286 万元","中国联合网络通信有限公司西双版纳傣族自治州分公司","2025年1月8日","B-公开转载/行业平台","完整","https://yn.zhiliaobiaoxun.com/article/49584401","依据项目名/采购人/证据摘要从[北京]校正为[云南]"
"日常巡防需求","无明显兼具类别","软硬件综合/系统平台","浙江","温州","瑞安市公安局便携式无人机防御反制设备采购项目","瑞安市公安局","102.1000 万元","中国联合网络通信有限公司温州市分公司","2023-07-17","B-公开转载/行业平台","完整","https://www.fdzb119.com/zhaobiao/70037.html","继承原库并规则复核；专项样本原文为成交/中标结果页"
"日常巡防需求","无明显兼具类别","硬件设备/装备","浙江","海盐","海盐县公安局 无人机反制 设备采购项目( 中标公告","海盐县公安局","公开信息未披露","公开信息未披露","2024年11月20日","B-公开转载/行业平台","较完整","http://zj.bidizhaobiao.com/info-557598739.html","继承原库并规则复核"
"日常巡防需求","无明显兼具类别","硬件设备/装备","浙江","绍兴","绍兴市公安局上虞区分局无人机反制设备采购项目（第二次）","绍兴市公安局上虞区分局","50.0000 万元","苏州璟鞍科技有限公司","2024-08-08","B-公开转载/行业平台","完整","https://www.fdzb119.com/zhaobiao/111762.html","继承原库并规则复核；专项样本原文为成交/中标结果页"
"日常巡防需求","无明显兼具类别","软硬件综合/系统平台","浙江","定海","定海区 无人机反制 系统竞价 成交 公告-浙江招标网 2025年3月10日","某单位","公开信息未披露","公开信息未披露","2025年3月10日","B-公开转载/行业平台","较完整","https://zj.bidcenter.com.cn/zbcontent-351328614-4.html","继承原库并规则复核"
"重大活动保障需求","敏感目标防护需求","硬件设备/装备","浙江","柯桥","柯桥区 无人机反制设备 采购 中标 成交结果 公告","公开信息未披露","公开信息未披露","公开信息未披露","2025年11月21日","B-公开转载/行业平台","待复核","https://zj.bidcenter.com.cn/zbcontent-390623194-4.html","继承原库并规则复核"
"敏感目标防护需求","日常巡防需求","服务/租赁/咨询","浙江","丽水","丽水市公安局丽水机场低空防御服务项目合同","丽水市公安局","公开信息未披露","中国移动通信集团浙江有限公司丽水分公司","2025-12-11","B-公开转载/行业平台","较完整","https://www.bbda.com/bidList/k1295","补充检索新增；机场敏感目标类"
"日常巡防需求","无明显兼具类别","软硬件综合/系统平台","浙江","未识别","无人机反制 系统( 中标公告","...","公开信息未披露","公开信息未披露","2025年3月10日","B-公开转载/行业平台","待复核","https://zj.bidizhaobiao.com/info-599355455.html","继承原库并规则复核"
"敏感目标防护需求","日常巡防需求","硬件设备/装备","浙江","普陀","舟山市公安局普陀区分局无人机低空反制设备采购合同","舟山市公安局普陀区分局","302.2722 万元","中国移动通信集团浙江有限公司舟山分公司","2026-01-23","B-公开转载/行业平台","完整","https://www.bbda.com/bidList/k1295","人工核验补充；待回溯浙江政府采购合同原文"
